"Season_Nest";"nest";"season";"session";"sx";"ringno";"Total_Complete_Neglect";"n_gaps";"mean_neglect_duration";"n_incubations";"mean_incubation_duration";"uCode";"uName";"NI";"Rank"
"2019_101";"101";2019;"incubation1";"f";50161;6225;5;1245;16;6273,4375;"2019_incubation1_101_f";"2019_incubation1_101_f";43,18;26
"2019_101";"101";2019;"incubation1";"m";48567;12575;12;1047,91666666667;22;3356,81818181818;"2019_incubation1_101_m";"2019_incubation1_101_m";48,94;18
"2019_101";"101";2019;"incubation2";"f";50161;25;1;25;11;9931,81818181818;"2019_incubation2_101_f";"2019_incubation2_101_f";1,08;287
"2019_101";"101";2019;"incubation2";"m";48567;175;1;175;25;2792;"2019_incubation2_101_m";"2019_incubation2_101_m";7,09;175
"2019_101";"101";2019;"incubation3";"f";50161;50;1;50;4;31562,5;"2019_incubation3_101_f";"2019_incubation3_101_f";2,21;265
"2019_101";"101";2019;"incubation3";"m";48567;125;1;125;2;32000;"2019_incubation3_101_m";"2019_incubation3_101_m";5,27;211
"2019_113_10";"113_10";2019;"incubation1";"f";50495;1825;1;1825;8;17068,75;"2019_incubation1_113_10_f";"2019_incubation1_113_10_f";35,11;37
"2019_113_10";"113_10";2019;"incubation1";"m";50135;400;4;100;8;8018,75;"2019_incubation1_113_10_m";"2019_incubation1_113_10_m";8,47;154
"2019_113_10";"113_10";2019;"incubation2";"f";50495;0;0;NA;1;83625;"2019_incubation2_113_10_f";"2019_incubation2_113_10_f";0;327
"2019_113_10";"113_10";2019;"incubation2";"m";50135;75;1;75;2;50311,5;"2019_incubation2_113_10_m";"2019_incubation2_113_10_m";3,28;245
"2019_113_10";"113_10";2019;"incubation3";"f";50495;0;0;NA;1;89475;"2019_incubation3_113_10_f";"2019_incubation3_113_10_f";0;327
"2019_113_10";"113_10";2019;"incubation3";"m";50135;225;2;112,5;4;25762,5;"2019_incubation3_113_10_m";"2019_incubation3_113_10_m";6,52;187
"2019_14_6K";"14_6K";2019;"incubation1";"f";50154;225;4;56,25;8;11584,375;"2019_incubation1_14_6K_f";"2019_incubation1_14_6K_f";5,18;214
"2019_14_6K";"14_6K";2019;"incubation1";"m";48518;300;5;60;10;10047,5;"2019_incubation1_14_6K_m";"2019_incubation1_14_6K_m";6,29;190
"2019_14_6K";"14_6K";2019;"incubation2";"f";50154;25;1;25;4;19231,25;"2019_incubation2_14_6K_f";"2019_incubation2_14_6K_f";1,08;287
"2019_14_6K";"14_6K";2019;"incubation2";"m";48518;275;3;91,6666666666667;4;26543,75;"2019_incubation2_14_6K_m";"2019_incubation2_14_6K_m";6,73;183
"2019_14_6K";"14_6K";2019;"incubation3";"f";50154;2000;2;1000;4;23362,5;"2019_incubation3_14_6K_f";"2019_incubation3_14_6K_f";30,78;47
"2019_14_6K";"14_6K";2019;"incubation3";"m";48518;400;4;100;4;20837,5;"2019_incubation3_14_6K_m";"2019_incubation3_14_6K_m";8,47;154
"2019_D15_5";"D15_5";2019;"incubation1";"f";26555;3550;22;161,363636363636;37;2723,64864864865;"2019_incubation1_D15_5_f";"2019_incubation1_D15_5_f";25,73;61
"2019_D15_5";"D15_5";2019;"incubation1";"m";55401;350;5;70;25;2919;"2019_incubation1_D15_5_m";"2019_incubation1_D15_5_m";7,17;174
"2019_D15_5";"D15_5";2019;"incubation2";"f";26555;0;0;NA;6;15637,5;"2019_incubation2_D15_5_f";"2019_incubation2_D15_5_f";0;327
"2019_D15_5";"D15_5";2019;"incubation2";"m";55401;75;1;75;3;41458,3333333333;"2019_incubation2_D15_5_m";"2019_incubation2_D15_5_m";3,28;245
"2019_D15_5";"D15_5";2019;"incubation3";"f";26555;0;0;NA;1;82225;"2019_incubation3_D15_5_f";"2019_incubation3_D15_5_f";0;327
"2019_D15_5";"D15_5";2019;"incubation3";"m";55401;0;0;NA;2;46104,5;"2019_incubation3_D15_5_m";"2019_incubation3_D15_5_m";0;327
"2019_D15_6";"D15_6";2019;"incubation1";"f";43087;100;1;100;5;21405;"2019_incubation1_D15_6_f";"2019_incubation1_D15_6_f";4,3;231
"2019_D15_6";"D15_6";2019;"incubation1";"m";50209;175;1;175;8;9631,25;"2019_incubation1_D15_6_m";"2019_incubation1_D15_6_m";7,09;175
"2019_D15_6";"D15_6";2019;"incubation2";"f";43087;2275;3;758,333333333333;4;39131,5;"2019_incubation2_D15_6_f";"2019_incubation2_D15_6_f";29,8;50
"2019_D15_6";"D15_6";2019;"incubation2";"m";50209;0;0;NA;1;22200;"2019_incubation2_D15_6_m";"2019_incubation2_D15_6_m";0;327
"2019_D15_6";"D15_6";2019;"incubation3";"f";43087;25;1;25;2;42075;"2019_incubation3_D15_6_f";"2019_incubation3_D15_6_f";1,08;287
"2019_D15_6";"D15_6";2019;"incubation3";"m";50209;650;1;650;3;40966,6666666667;"2019_incubation3_D15_6_m";"2019_incubation3_D15_6_m";19,38;82
"2019_IC";"IC";2019;"incubation1";"f";50493;175;2;87,5;6;21375;"2019_incubation1_IC_f";"2019_incubation1_IC_f";5,21;213
"2019_IC";"IC";2019;"incubation1";"m";56605;100;2;50;18;5330,55555555556;"2019_incubation1_IC_m";"2019_incubation1_IC_m";3,09;254
"2019_IC";"IC";2019;"incubation2";"f";50493;0;0;NA;2;42625;"2019_incubation2_IC_f";"2019_incubation2_IC_f";0;327
"2019_IC";"IC";2019;"incubation2";"m";56605;0;0;NA;3;32321,6666666667;"2019_incubation2_IC_m";"2019_incubation2_IC_m";0;327
"2019_IC";"IC";2019;"incubation3";"f";50493;0;0;NA;1;59575;"2019_incubation3_IC_f";"2019_incubation3_IC_f";0;327
"2019_IC";"IC";2019;"incubation3";"m";56605;75;1;75;3;41480,6666666667;"2019_incubation3_IC_m";"2019_incubation3_IC_m";3,28;245
"2019_K17_13";"K17_13";2019;"incubation1";"f";55406;25;1;25;10;11265;"2019_incubation1_K17_13_f";"2019_incubation1_K17_13_f";1,08;287
"2019_K17_13";"K17_13";2019;"incubation1";"m";50496;50;1;50;12;8891,66666666667;"2019_incubation1_K17_13_m";"2019_incubation1_K17_13_m";2,21;265
"2019_K17_13";"K17_13";2019;"incubation2";"f";55406;0;0;NA;3;43591,6666666667;"2019_incubation2_K17_13_f";"2019_incubation2_K17_13_f";0;327
"2019_K17_13";"K17_13";2019;"incubation2";"m";50496;0;0;NA;2;41450;"2019_incubation2_K17_13_m";"2019_incubation2_K17_13_m";0;327
"2019_K17_13";"K17_13";2019;"incubation3";"f";55406;0;0;NA;2;74150;"2019_incubation3_K17_13_f";"2019_incubation3_K17_13_f";0;327
"2019_K17_13";"K17_13";2019;"incubation3";"m";50496;50;1;50;2;42675;"2019_incubation3_K17_13_m";"2019_incubation3_K17_13_m";2,21;265
"2019_K17_15";"K17_15";2019;"incubation1";"f";50153;275;3;91,6666666666667;18;6916,16666666667;"2019_incubation1_K17_15_f";"2019_incubation1_K17_15_f";6,73;183
"2019_K17_15";"K17_15";2019;"incubation1";"m";50498;750;7;107,142857142857;11;8145,45454545455;"2019_incubation1_K17_15_m";"2019_incubation1_K17_15_m";12,06;122
"2019_K17_15";"K17_15";2019;"incubation2";"f";50153;0;0;NA;2;34662,5;"2019_incubation2_K17_15_f";"2019_incubation2_K17_15_f";0;327
"2019_K17_15";"K17_15";2019;"incubation2";"m";50498;75;2;37,5;4;27700;"2019_incubation2_K17_15_m";"2019_incubation2_K17_15_m";2,33;263
"2019_K17_15";"K17_15";2019;"incubation3";"f";50153;0;0;NA;5;11205;"2019_incubation3_K17_15_f";"2019_incubation3_K17_15_f";0;327
"2019_K17_15";"K17_15";2019;"incubation3";"m";50498;500;5;100;10;17480;"2019_incubation3_K17_15_m";"2019_incubation3_K17_15_m";9,57;144
"2019_W39";"W39";2019;"incubation2";"f";50152;0;0;NA;2;37400;"2019_incubation2_W39_f";"2019_incubation2_W39_f";0;327
"2019_W39";"W39";2019;"incubation2";"m";46028;25;1;25;5;20425;"2019_incubation2_W39_m";"2019_incubation2_W39_m";1,08;287
"2019_W39B";"W39B";2019;"incubation1";"f";50167;125;4;31,25;15;6825;"2019_incubation1_W39B_f";"2019_incubation1_W39B_f";3,02;255
"2019_W39B";"W39B";2019;"incubation1";"m";50327;1475;9;163,888888888889;28;3109,82142857143;"2019_incubation1_W39B_m";"2019_incubation1_W39B_m";18,11;87
"2019_W39B";"W39B";2019;"incubation2";"f";50167;25;1;25;3;34333,3333333333;"2019_incubation2_W39B_f";"2019_incubation2_W39B_f";1,08;287
"2019_W39B";"W39B";2019;"incubation2";"m";50327;350;1;350;2;42337,5;"2019_incubation2_W39B_m";"2019_incubation2_W39B_m";12,47;116
"2019_W39B";"W39B";2019;"incubation3";"f";50167;225;3;75;3;40966,6666666667;"2019_incubation3_W39B_f";"2019_incubation3_W39B_f";5,65;203
"2019_W39B";"W39B";2019;"incubation3";"m";50327;300;2;150;4;17137,5;"2019_incubation3_W39B_m";"2019_incubation3_W39B_m";8,34;157
"2019_W40";"W40";2019;"incubation1";"f";43817;300;3;100;12;6518,75;"2019_incubation1_W40_f";"2019_incubation1_W40_f";7,25;173
"2019_W40";"W40";2019;"incubation1";"m";41260;1300;12;108,333333333333;26;4050;"2019_incubation1_W40_m";"2019_incubation1_W40_m";15,94;96
"2019_W40";"W40";2019;"incubation2";"f";43817;0;0;NA;5;9675;"2019_incubation2_W40_f";"2019_incubation2_W40_f";0;327
"2019_W40";"W40";2019;"incubation2";"m";41260;0;0;NA;4;39306,25;"2019_incubation2_W40_m";"2019_incubation2_W40_m";0;327
"2019_W40";"W40";2019;"incubation3";"f";43817;75;1;75;6;16512,5;"2019_incubation3_W40_f";"2019_incubation3_W40_f";3,28;245
"2019_W40";"W40";2019;"incubation3";"m";41260;675;5;135;10;7895;"2019_incubation3_W40_m";"2019_incubation3_W40_m";12,03;123
"2019_W41J";"W41J";2019;"incubation1";"f";44955;2625;9;291,666666666667;17;3458,82352941176;"2019_incubation1_W41J_f";"2019_incubation1_W41J_f";25,31;62
"2019_W41J";"W41J";2019;"incubation1";"m";26975;6825;31;220,161290322581;53;2374,52830188679;"2019_incubation1_W41J_m";"2019_incubation1_W41J_m";33,23;41
"2019_W41J";"W41J";2019;"incubation2";"f";44955;675;6;112,5;22;2489,77272727273;"2019_incubation2_W41J_f";"2019_incubation2_W41J_f";11,53;127
"2019_W41J";"W41J";2019;"incubation2";"m";26975;2675;23;116,304347826087;69;2219,20289855072;"2019_incubation2_W41J_m";"2019_incubation2_W41J_m";22,17;73
"2019_W41J";"W41J";2019;"incubation3";"f";44955;0;0;NA;1;77125;"2019_incubation3_W41J_f";"2019_incubation3_W41J_f";0;327
"2019_W41J";"W41J";2019;"incubation3";"m";26975;2775;18;154,166666666667;21;5903,57142857143;"2019_incubation3_W41J_m";"2019_incubation3_W41J_m";23,31;68
"2019_W49";"W49";2019;"incubation1";"f";50492;0;0;NA;2;55875;"2019_incubation1_W49_f";"2019_incubation1_W49_f";0;327
"2019_W49";"W49";2019;"incubation1";"m";43858;275;1;275;2;36775;"2019_incubation1_W49_m";"2019_incubation1_W49_m";10,33;136
"2019_W49";"W49";2019;"incubation3";"f";50492;0;0;NA;2;64413;"2019_incubation3_W49_f";"2019_incubation3_W49_f";0;327
"2019_W49";"W49";2019;"incubation3";"m";43858;0;0;NA;1;90250;"2019_incubation3_W49_m";"2019_incubation3_W49_m";0;327
"2020_101";"101";2020;"incubation1";"f";50161;80;3;26,6666666666667;22;3388,04545454545;"2020_incubation1_101_f";"2020_incubation1_101_f";2,13;270
"2020_101";"101";2020;"incubation1";"m";48567;5214;4;1303,5;25;5609,52;"2020_incubation1_101_m";"2020_incubation1_101_m";41,81;29
"2020_101";"101";2020;"incubation2";"f";50161;0;0;NA;6;9177,5;"2020_incubation2_101_f";"2020_incubation2_101_f";0;327
"2020_101";"101";2020;"incubation2";"m";48567;539;4;134,75;11;14174,9090909091;"2020_incubation2_101_m";"2020_incubation2_101_m";10,73;133
"2020_113_10";"113_10";2020;"incubation1";"f";56613;0;0;NA;7;19980,1428571429;"2020_incubation1_113_10_f";"2020_incubation1_113_10_f";0;327
"2020_113_10";"113_10";2020;"incubation1";"m";50135;287;2;143,5;8;10165,375;"2020_incubation1_113_10_m";"2020_incubation1_113_10_m";8,03;162
"2020_113_10";"113_10";2020;"incubation2";"f";56613;0;0;NA;3;42473;"2020_incubation2_113_10_f";"2020_incubation2_113_10_f";0;327
"2020_113_10";"113_10";2020;"incubation2";"m";50135;0;0;NA;3;35307,3333333333;"2020_incubation2_113_10_m";"2020_incubation2_113_10_m";0;327
"2020_113_10";"113_10";2020;"incubation3";"f";56613;0;0;NA;2;79598;"2020_incubation3_113_10_f";"2020_incubation3_113_10_f";0;327
"2020_113_10";"113_10";2020;"incubation3";"m";50135;132;1;132;2;38015;"2020_incubation3_113_10_m";"2020_incubation3_113_10_m";5,54;204
"2020_113_1A";"113_1A";2020;"incubation1";"f";50244;0;0;NA;1;84807;"2020_incubation1_113_1A_f";"2020_incubation1_113_1A_f";0;327
"2020_113_1A";"113_1A";2020;"incubation1";"m";55439;0;0;NA;2;56049,5;"2020_incubation1_113_1A_m";"2020_incubation1_113_1A_m";0;327
"2020_113_1A";"113_1A";2020;"incubation2";"f";50244;492;1;492;3;26578,3333333333;"2020_incubation2_113_1A_f";"2020_incubation2_113_1A_f";16,02;95
"2020_113_1A";"113_1A";2020;"incubation2";"m";55439;474;1;474;2;55583,5;"2020_incubation2_113_1A_m";"2020_incubation2_113_1A_m";15,6;98
"2020_113_41";"113_41";2020;"incubation1";"f";44892;1878;9;208,666666666667;17;5346,76470588235;"2020_incubation1_113_41_f";"2020_incubation1_113_41_f";20,95;80
"2020_113_41";"113_41";2020;"incubation1";"m";46155;515;3;171,666666666667;11;10046,5454545455;"2020_incubation1_113_41_m";"2020_incubation1_113_41_m";11,25;128
"2020_113_41";"113_41";2020;"incubation2";"f";44892;431;2;215,5;2;39948;"2020_incubation2_113_41_f";"2020_incubation2_113_41_f";11,19;129
"2020_113_41";"113_41";2020;"incubation2";"m";46155;35709;3;11903;3;18921,3333333333;"2020_incubation2_113_41_m";"2020_incubation2_113_41_m";83,32;7
"2020_113_41";"113_41";2020;"incubation3";"f";44892;4493;10;449,3;11;15898,3636363636;"2020_incubation3_113_41_f";"2020_incubation3_113_41_f";32,64;42
"2020_113_41";"113_41";2020;"incubation3";"m";46155;0;0;NA;3;16012;"2020_incubation3_113_41_m";"2020_incubation3_113_41_m";0;327
"2020_11_58";"11_58";2020;"incubation1";"f";55405;0;0;NA;24;3178,54166666667;"2020_incubation1_11_58_f";"2020_incubation1_11_58_f";0;327
"2020_11_58";"11_58";2020;"incubation1";"m";26937;216;5;43,2;10;12328,1;"2020_incubation1_11_58_m";"2020_incubation1_11_58_m";4,72;222
"2020_11_58";"11_58";2020;"incubation2";"f";55405;25;1;25;6;21401,3333333333;"2020_incubation2_11_58_f";"2020_incubation2_11_58_f";1,08;287
"2020_11_58";"11_58";2020;"incubation2";"m";26937;15;1;15;3;22633,3333333333;"2020_incubation2_11_58_m";"2020_incubation2_11_58_m";0,61;313
"2020_11_58";"11_58";2020;"incubation3";"f";55405;11571;28;413,25;52;923,711538461538;"2020_incubation3_11_58_f";"2020_incubation3_11_58_f";41,67;31
"2020_11_58";"11_58";2020;"incubation3";"m";26937;61;2;30,5;3;52147,3333333333;"2020_incubation3_11_58_m";"2020_incubation3_11_58_m";1,9;275
"2020_12_16";"12_16";2020;"incubation1";"f";50259;769;4;192,25;9;13754,8888888889;"2020_incubation1_12_16_f";"2020_incubation1_12_16_f";13,99;106
"2020_12_16";"12_16";2020;"incubation1";"m";50138;2349;8;293,625;10;8380,5;"2020_incubation1_12_16_m";"2020_incubation1_12_16_m";24,36;65
"2020_12_16";"12_16";2020;"incubation2";"f";50259;0;0;NA;2;38853;"2020_incubation2_12_16_f";"2020_incubation2_12_16_f";0;327
"2020_12_16";"12_16";2020;"incubation2";"m";50138;312;2;156;3;42423,6666666667;"2020_incubation2_12_16_m";"2020_incubation2_12_16_m";8,61;153
"2020_14_24K";"14_24K";2020;"incubation1";"f";55445;0;0;NA;3;22725;"2020_incubation1_14_24K_f";"2020_incubation1_14_24K_f";0;327
"2020_14_24K";"14_24K";2020;"incubation1";"m";50203;201;1;201;4;31069,5;"2020_incubation1_14_24K_m";"2020_incubation1_14_24K_m";7,98;163
"2020_14_24K";"14_24K";2020;"incubation2";"f";55445;0;0;NA;1;52445;"2020_incubation2_14_24K_f";"2020_incubation2_14_24K_f";0;327
"2020_14_24K";"14_24K";2020;"incubation2";"m";50203;0;0;NA;2;69562;"2020_incubation2_14_24K_m";"2020_incubation2_14_24K_m";0;327
"2020_14_6K";"14_6K";2020;"incubation1";"f";50154;1315;11;119,545454545455;17;8191,11764705882;"2020_incubation1_14_6K_f";"2020_incubation1_14_6K_f";16,28;92
"2020_14_6K";"14_6K";2020;"incubation1";"m";48518;329;3;109,666666666667;12;6376,33333333333;"2020_incubation1_14_6K_m";"2020_incubation1_14_6K_m";7,84;165
"2020_14_6K";"14_6K";2020;"incubation2";"f";50154;599;4;149,75;7;19076,2857142857;"2020_incubation2_14_6K_f";"2020_incubation2_14_6K_f";11,63;126
"2020_14_6K";"14_6K";2020;"incubation2";"m";48518;17;1;17;3;26478;"2020_incubation2_14_6K_m";"2020_incubation2_14_6K_m";0,7;309
"2020_14_6K";"14_6K";2020;"incubation3";"f";50154;959;7;137;8;21546,5;"2020_incubation3_14_6K_f";"2020_incubation3_14_6K_f";14,35;105
"2020_14_6K";"14_6K";2020;"incubation3";"m";48518;105;1;105;6;10307;"2020_incubation3_14_6K_m";"2020_incubation3_14_6K_m";4,5;226
"2020_D15_13";"D15_13";2020;"incubation1";"f";50033;848;4;212;5;28978,4;"2020_incubation1_D15_13_f";"2020_incubation1_D15_13_f";15;102
"2020_D15_13";"D15_13";2020;"incubation1";"m";35945;1731;1;1731;1;36768;"2020_incubation1_D15_13_m";"2020_incubation1_D15_13_m";34,19;38
"2020_D15_13";"D15_13";2020;"incubation2";"f";50033;2437;2;1218,5;3;27657;"2020_incubation2_D15_13_f";"2020_incubation2_D15_13_f";34,1;39
"2020_D15_13";"D15_13";2020;"incubation2";"m";35945;0;0;NA;2;56805,5;"2020_incubation2_D15_13_m";"2020_incubation2_D15_13_m";0;327
"2020_D16_10";"D16_10";2020;"incubation2";"f";55418;4;1;4;4;43124,5;"2020_incubation2_D16_10_f";"2020_incubation2_D16_10_f";0,08;326
"2020_D16_10";"D16_10";2020;"incubation2";"m";48559;8;1;8;3;19408,3333333333;"2020_incubation2_D16_10_m";"2020_incubation2_D16_10_m";0,27;322
"2020_D17_16";"D17_16";2020;"incubation1";"f";50165;1347;5;269,4;5;15869,4;"2020_incubation1_D17_16_f";"2020_incubation1_D17_16_f";19,34;83
"2020_D17_16";"D17_16";2020;"incubation1";"m";50172;554;5;110,8;9;11484;"2020_incubation1_D17_16_m";"2020_incubation1_D17_16_m";10,36;135
"2020_D17_16";"D17_16";2020;"incubation2";"f";50165;179;3;59,6666666666667;5;25624,2;"2020_incubation2_D17_16_f";"2020_incubation2_D17_16_f";4,6;223
"2020_D17_16";"D17_16";2020;"incubation2";"m";50172;0;0;NA;2;32141,5;"2020_incubation2_D17_16_m";"2020_incubation2_D17_16_m";0;327
"2020_D17_8";"D17_8";2020;"incubation1";"f";50290;165;2;82,5;30;4280,2;"2020_incubation1_D17_8_f";"2020_incubation1_D17_8_f";4,94;218
"2020_D17_8";"D17_8";2020;"incubation1";"m";48597;524;5;104,8;18;4010,66666666667;"2020_incubation1_D17_8_m";"2020_incubation1_D17_8_m";9,92;141
"2020_D17_8";"D17_8";2020;"incubation2";"f";50290;0;0;NA;3;22019;"2020_incubation2_D17_8_f";"2020_incubation2_D17_8_f";0;327
"2020_D17_8";"D17_8";2020;"incubation2";"m";48597;50;1;50;3;44590;"2020_incubation2_D17_8_m";"2020_incubation2_D17_8_m";2,21;265
"2020_D17_8";"D17_8";2020;"incubation3";"f";50290;0;0;NA;12;11433,3333333333;"2020_incubation3_D17_8_f";"2020_incubation3_D17_8_f";0;327
"2020_D17_8";"D17_8";2020;"incubation3";"m";48597;1729;4;432,25;5;16179,8;"2020_incubation3_D17_8_m";"2020_incubation3_D17_8_m";23,78;66
"2020_K17_11";"K17_11";2020;"incubation1";"f";55682;0;0;NA;2;30609,5;"2020_incubation1_K17_11_f";"2020_incubation1_K17_11_f";0;327
"2020_K17_11";"K17_11";2020;"incubation1";"m";46154;5;1;5;3;42037,3333333333;"2020_incubation1_K17_11_m";"2020_incubation1_K17_11_m";0,13;325
"2020_K17_11";"K17_11";2020;"incubation2";"f";55682;0;0;NA;2;51273,5;"2020_incubation2_K17_11_f";"2020_incubation2_K17_11_f";0;327
"2020_K17_11";"K17_11";2020;"incubation2";"m";46154;8;1;8;2;41262;"2020_incubation2_K17_11_m";"2020_incubation2_K17_11_m";0,27;322
"2020_K17_13";"K17_13";2020;"incubation1";"f";55406;0;0;NA;16;4515,375;"2020_incubation1_K17_13_f";"2020_incubation1_K17_13_f";0;327
"2020_K17_13";"K17_13";2020;"incubation1";"m";50496;257;6;42,8333333333333;15;7203,4;"2020_incubation1_K17_13_m";"2020_incubation1_K17_13_m";5,29;210
"2020_K17_13";"K17_13";2020;"incubation2";"f";55406;0;0;NA;2;33164,5;"2020_incubation2_K17_13_f";"2020_incubation2_K17_13_f";0;327
"2020_K17_13";"K17_13";2020;"incubation2";"m";50496;151;2;75,5;5;26250,4;"2020_incubation2_K17_13_m";"2020_incubation2_K17_13_m";4,56;224
"2020_K17_13";"K17_13";2020;"incubation3";"f";55406;0;0;NA;4;23967,25;"2020_incubation3_K17_13_f";"2020_incubation3_K17_13_f";0;327
"2020_K17_13";"K17_13";2020;"incubation3";"m";50496;48;1;48;3;33647,6666666667;"2020_incubation3_K17_13_m";"2020_incubation3_K17_13_m";2,12;271
"2020_K19_15";"K19_15";2020;"incubation1";"f";43047;0;0;NA;2;53625;"2020_incubation1_K19_15_f";"2020_incubation1_K19_15_f";0;327
"2020_K19_15";"K19_15";2020;"incubation1";"m";55685;0;0;NA;2;42551;"2020_incubation1_K19_15_m";"2020_incubation1_K19_15_m";0;327
"2020_K19_15";"K19_15";2020;"incubation2";"f";43047;23;1;23;3;49155,3333333333;"2020_incubation2_K19_15_f";"2020_incubation2_K19_15_f";0,98;299
"2020_K19_15";"K19_15";2020;"incubation2";"m";55685;0;0;NA;2;27526;"2020_incubation2_K19_15_m";"2020_incubation2_K19_15_m";0;327
"2020_K19_22";"K19_22";2020;"incubation1";"f";55684;0;0;NA;2;33200;"2020_incubation1_K19_22_f";"2020_incubation1_K19_22_f";0;327
"2020_K19_22";"K19_22";2020;"incubation1";"m";48561;30;1;30;2;97989;"2020_incubation1_K19_22_m";"2020_incubation1_K19_22_m";1,31;282
"2020_K19_22";"K19_22";2020;"incubation2";"f";55684;0;0;NA;2;42718;"2020_incubation2_K19_22_f";"2020_incubation2_K19_22_f";0;327
"2020_K19_22";"K19_22";2020;"incubation2";"m";48561;0;0;NA;2;63504,5;"2020_incubation2_K19_22_m";"2020_incubation2_K19_22_m";0;327
"2020_K19_29";"K19_29";2020;"incubation1";"f";55683;243;2;121,5;3;42262,3333333333;"2020_incubation1_K19_29_f";"2020_incubation1_K19_29_f";6,97;177
"2020_K19_29";"K19_29";2020;"incubation1";"m";55686;5146;3;1715,33333333333;3;17579,3333333333;"2020_incubation1_K19_29_m";"2020_incubation1_K19_29_m";44,06;24
"2020_K19_29";"K19_29";2020;"incubation2";"f";55683;20;1;20;3;33981,6666666667;"2020_incubation2_K19_29_f";"2020_incubation2_K19_29_f";0,84;305
"2020_K19_29";"K19_29";2020;"incubation2";"m";55686;1720;1;1720;2;53330,5;"2020_incubation2_K19_29_m";"2020_incubation2_K19_29_m";34,08;40
"2020_K19_29";"K19_29";2020;"incubation3";"f";55683;694;1;694;3;33196;"2020_incubation3_K19_29_f";"2020_incubation3_K19_29_f";20,23;81
"2020_K19_29";"K19_29";2020;"incubation3";"m";55686;772;2;386;3;26625,3333333333;"2020_incubation3_K19_29_m";"2020_incubation3_K19_29_m";17,2;91
"2020_K19_30";"K19_30";2020;"incubation1";"f";46102;0;0;NA;3;40355,6666666667;"2020_incubation1_K19_30_f";"2020_incubation1_K19_30_f";0;327
"2020_K19_30";"K19_30";2020;"incubation1";"m";43065;0;0;NA;1;67774;"2020_incubation1_K19_30_m";"2020_incubation1_K19_30_m";0;327
"2020_K19_30";"K19_30";2020;"incubation2";"f";46102;0;0;NA;3;33258,6666666667;"2020_incubation2_K19_30_f";"2020_incubation2_K19_30_f";0;327
"2020_K19_30";"K19_30";2020;"incubation2";"m";43065;0;0;NA;2;56873;"2020_incubation2_K19_30_m";"2020_incubation2_K19_30_m";0;327
"2020_K8";"K8";2020;"incubation1";"f";55404;610;2;305;9;13724,1111111111;"2020_incubation1_K8_f";"2020_incubation1_K8_f";14,55;104
"2020_K8";"K8";2020;"incubation1";"m";44931;240;4;60;8;12691,625;"2020_incubation1_K8_m";"2020_incubation1_K8_m";5,49;206
"2020_K8";"K8";2020;"incubation2";"f";55404;0;0;NA;3;28740;"2020_incubation2_K8_f";"2020_incubation2_K8_f";0;327
"2020_K8";"K8";2020;"incubation2";"m";44931;35;2;17,5;3;42760;"2020_incubation2_K8_m";"2020_incubation2_K8_m";1,06;298
"2020_K8";"K8";2020;"incubation3";"f";55404;441;1;441;7;11999,1428571429;"2020_incubation3_K8_f";"2020_incubation3_K8_f";14,81;103
"2020_K8";"K8";2020;"incubation3";"m";44931;431;3;143,666666666667;6;17931,3333333333;"2020_incubation3_K8_m";"2020_incubation3_K8_m";9,78;142
"2020_W28N";"W28N";2020;"incubation1";"f";26953;0;0;NA;1;44097;"2020_incubation1_W28N_f";"2020_incubation1_W28N_f";0;327
"2020_W28N";"W28N";2020;"incubation1";"m";46100;32;1;32;3;57548,6666666667;"2020_incubation1_W28N_m";"2020_incubation1_W28N_m";1,4;281
"2020_W28N";"W28N";2020;"incubation2";"f";26953;0;0;NA;2;48851,5;"2020_incubation2_W28N_f";"2020_incubation2_W28N_f";0;327
"2020_W28N";"W28N";2020;"incubation2";"m";46100;0;0;NA;2;47913,5;"2020_incubation2_W28N_m";"2020_incubation2_W28N_m";0;327
"2020_W39";"W39";2020;"incubation1";"f";50152;505;4;126,25;10;12803;"2020_incubation1_W39_f";"2020_incubation1_W39_f";10,2;138
"2020_W39";"W39";2020;"incubation1";"m";46028;782;5;156,4;15;4804,53333333333;"2020_incubation1_W39_m";"2020_incubation1_W39_m";13,39;109
"2020_W39";"W39";2020;"incubation2";"f";50152;0;0;NA;3;32439,6666666667;"2020_incubation2_W39_f";"2020_incubation2_W39_f";0;327
"2020_W39";"W39";2020;"incubation2";"m";46028;25;1;25;2;40423;"2020_incubation2_W39_m";"2020_incubation2_W39_m";1,08;287
"2020_W39";"W39";2020;"incubation3";"f";50152;778;3;259,333333333333;9;16120,3333333333;"2020_incubation3_W39_f";"2020_incubation3_W39_f";15,28;100
"2020_W39";"W39";2020;"incubation3";"m";46028;65;1;65;7;10575,1428571429;"2020_incubation3_W39_m";"2020_incubation3_W39_m";2,86;257
"2020_W39B";"W39B";2020;"incubation1";"f";50167;1677;10;167,7;28;2091,82142857143;"2020_incubation1_W39B_f";"2020_incubation1_W39B_f";19,22;84
"2020_W39B";"W39B";2020;"incubation1";"m";50327;4797;15;319,8;67;1860,5223880597;"2020_incubation1_W39B_m";"2020_incubation1_W39B_m";31,42;44
"2020_W39B";"W39B";2020;"incubation2";"f";50167;234;3;78;9;12940;"2020_incubation2_W39B_f";"2020_incubation2_W39B_f";5,85;200
"2020_W39B";"W39B";2020;"incubation2";"m";50327;397;6;66,1666666666667;26;3919,88461538462;"2020_incubation2_W39B_m";"2020_incubation2_W39B_m";7,63;169
"2020_W39B";"W39B";2020;"incubation3";"f";50167;2122;4;530,5;15;6609,46666666667;"2020_incubation3_W39B_f";"2020_incubation3_W39B_f";26,76;58
"2020_W39B";"W39B";2020;"incubation3";"m";50327;486;6;81;27;2977,44444444444;"2020_incubation3_W39B_m";"2020_incubation3_W39B_m";8,98;151
"2020_W40";"W40";2020;"incubation1";"f";43817;626;12;52,1666666666667;21;7228,14285714286;"2020_incubation1_W40_f";"2020_incubation1_W40_f";9,65;143
"2020_W40";"W40";2020;"incubation1";"m";41260;1316;17;77,4117647058823;43;1622,83720930233;"2020_incubation1_W40_m";"2020_incubation1_W40_m";15,32;99
"2020_W40";"W40";2020;"incubation2";"f";43817;113;1;113;2;47695,5;"2020_incubation2_W40_f";"2020_incubation2_W40_f";4,81;220
"2020_W40";"W40";2020;"incubation2";"m";41260;1428;10;142,8;14;6988,5;"2020_incubation2_W40_m";"2020_incubation2_W40_m";17,42;89
"2020_W40";"W40";2020;"incubation3";"f";43817;421;5;84,2;9;8826,22222222222;"2020_incubation3_W40_f";"2020_incubation3_W40_f";8,34;156
"2020_W40";"W40";2020;"incubation3";"m";41260;1220;9;135,555555555556;22;5740,18181818182;"2020_incubation3_W40_m";"2020_incubation3_W40_m";16,05;94
"2020_W41J";"W41J";2020;"incubation1";"f";44955;350;7;50;23;5149,30434782609;"2020_incubation1_W41J_f";"2020_incubation1_W41J_f";6,67;186
"2020_W41J";"W41J";2020;"incubation1";"m";26975;3879;20;193,95;70;1274,5;"2020_incubation1_W41J_m";"2020_incubation1_W41J_m";27,21;57
"2020_W41J";"W41J";2020;"incubation2";"f";44955;1458;4;364,5;8;15662,625;"2020_incubation2_W41J_f";"2020_incubation2_W41J_f";21,45;77
"2020_W41J";"W41J";2020;"incubation2";"m";26975;6698;7;956,857142857143;10;7303,9;"2020_incubation2_W41J_m";"2020_incubation2_W41J_m";41,79;30
"2020_W41J";"W41J";2020;"incubation3";"f";44955;18;1;18;3;47518;"2020_incubation3_W41J_f";"2020_incubation3_W41J_f";0,75;307
"2020_W41J";"W41J";2020;"incubation3";"m";26975;3677;8;459,625;13;5762,07692307692;"2020_incubation3_W41J_m";"2020_incubation3_W41J_m";30,86;46
"2020_W49";"W49";2020;"incubation1";"f";50492;0;0;NA;6;14969,8333333333;"2020_incubation1_W49_f";"2020_incubation1_W49_f";0;327
"2020_W49";"W49";2020;"incubation1";"m";43858;0;0;NA;10;11626,2;"2020_incubation1_W49_m";"2020_incubation1_W49_m";0;327
"2020_W49";"W49";2020;"incubation2";"f";50492;137;1;137;2;61193,5;"2020_incubation2_W49_f";"2020_incubation2_W49_f";5,72;202
"2020_W49";"W49";2020;"incubation2";"m";43858;56;1;56;8;12428,875;"2020_incubation2_W49_m";"2020_incubation2_W49_m";2,47;261
"2020_W49";"W49";2020;"incubation3";"f";50492;129;1;129;3;43636,6666666667;"2020_incubation3_W49_f";"2020_incubation3_W49_f";5,42;208
"2020_W49";"W49";2020;"incubation3";"m";43858;0;0;NA;6;15445;"2020_incubation3_W49_m";"2020_incubation3_W49_m";0;327
"2020_W6";"W6";2020;"incubation1";"f";50099;717;11;65,1818181818182;33;2352,24242424242;"2020_incubation1_W6_f";"2020_incubation1_W6_f";10,79;131
"2020_W6";"W6";2020;"incubation1";"m";50088;464;11;42,1818181818182;35;3802,2;"2020_incubation1_W6_m";"2020_incubation1_W6_m";7,77;166
"2020_W6";"W6";2020;"incubation2";"f";50099;244;3;81,3333333333333;7;15641;"2020_incubation2_W6_f";"2020_incubation2_W6_f";6,07;193
"2020_W6";"W6";2020;"incubation2";"m";50088;386;2;193;11;9826;"2020_incubation2_W6_m";"2020_incubation2_W6_m";10,25;137
"2020_W6";"W6";2020;"incubation3";"f";50099;533;8;66,625;31;2630,06451612903;"2020_incubation3_W6_f";"2020_incubation3_W6_f";9,11;149
"2020_W6";"W6";2020;"incubation3";"m";50088;313;7;44,7142857142857;19;8191,8947368421;"2020_incubation3_W6_m";"2020_incubation3_W6_m";6,07;192
"2021_101";"101";2021;"incubation2";"f";50161;27;1;27;5;14480;"2021_incubation2_101_f";"2021_incubation2_101_f";1,17;286
"2021_101";"101";2021;"incubation2";"m";48567;54;1;54;4;31714,5;"2021_incubation2_101_m";"2021_incubation2_101_m";2,38;262
"2021_101";"101";2021;"incubation3";"f";50161;373;2;186,5;3;24189;"2021_incubation3_101_f";"2021_incubation3_101_f";9,97;140
"2021_101";"101";2021;"incubation3";"m";48567;169;2;84,5;4;33147;"2021_incubation3_101_m";"2021_incubation3_101_m";5,05;216
"2021_113_41";"113_41";2021;"incubation1";"f";44892;1170;4;292,5;9;10801,3333333333;"2021_incubation1_113_41_f";"2021_incubation1_113_41_f";18,65;85
"2021_113_41";"113_41";2021;"incubation1";"m";46155;40307;4;10076,75;4;9599,75;"2021_incubation1_113_41_m";"2021_incubation1_113_41_m";82,87;8
"2021_113_41";"113_41";2021;"incubation2";"f";44892;124;1;124;3;33931,3333333333;"2021_incubation2_113_41_f";"2021_incubation2_113_41_f";5,23;212
"2021_113_41";"113_41";2021;"incubation2";"m";46155;75;1;75;2;76356;"2021_incubation2_113_41_m";"2021_incubation2_113_41_m";3,28;245
"2021_113_41";"113_41";2021;"incubation3";"f";44892;563;4;140,75;6;19056,5;"2021_incubation3_113_41_f";"2021_incubation3_113_41_f";11,1;130
"2021_113_41";"113_41";2021;"incubation3";"m";46155;0;0;NA;2;58397,5;"2021_incubation3_113_41_m";"2021_incubation3_113_41_m";0;327
"2021_11_58";"11_58";2021;"incubation1";"f";55405;525;8;65,625;17;7441,23529411765;"2021_incubation1_11_58_f";"2021_incubation1_11_58_f";9,01;150
"2021_11_58";"11_58";2021;"incubation1";"m";26937;13884;1;13884;6;10802,8333333333;"2021_incubation1_11_58_m";"2021_incubation1_11_58_m";74,95;10
"2021_11_58";"11_58";2021;"incubation2";"f";55405;124;3;41,3333333333333;11;8832;"2021_incubation2_11_58_f";"2021_incubation2_11_58_f";3,27;250
"2021_11_58";"11_58";2021;"incubation2";"m";26937;59;2;29,5;11;8993,63636363636;"2021_incubation2_11_58_m";"2021_incubation2_11_58_m";1,83;276
"2021_11_58";"11_58";2021;"incubation3";"f";55405;0;0;NA;1;90782;"2021_incubation3_11_58_f";"2021_incubation3_11_58_f";0;327
"2021_11_58";"11_58";2021;"incubation3";"m";26937;0;0;NA;2;57690,5;"2021_incubation3_11_58_m";"2021_incubation3_11_58_m";0;327
"2021_D15_5";"D15_5";2021;"incubation1";"f";26555;0;0;NA;2;48405,5;"2021_incubation1_D15_5_f";"2021_incubation1_D15_5_f";0;327
"2021_D15_5";"D15_5";2021;"incubation1";"m";55401;72;1;72;2;39226,5;"2021_incubation1_D15_5_m";"2021_incubation1_D15_5_m";3,15;251
"2021_D15_5";"D15_5";2021;"incubation2";"f";26555;91;2;45,5;5;18719,6;"2021_incubation2_D15_5_f";"2021_incubation2_D15_5_f";2,82;259
"2021_D15_5";"D15_5";2021;"incubation2";"m";55401;238;2;119;5;22163,2;"2021_incubation2_D15_5_m";"2021_incubation2_D15_5_m";6,84;182
"2021_D15_5";"D15_5";2021;"incubation3";"f";26555;19;1;19;3;48252;"2021_incubation3_D15_5_f";"2021_incubation3_D15_5_f";0,8;306
"2021_D15_5";"D15_5";2021;"incubation3";"m";55401;142;1;142;1;71073;"2021_incubation3_D15_5_m";"2021_incubation3_D15_5_m";5,91;196
"2021_D15_6";"D15_6";2021;"incubation1";"f";43087;201;1;201;3;43073,6666666667;"2021_incubation1_D15_6_f";"2021_incubation1_D15_6_f";7,98;163
"2021_D15_6";"D15_6";2021;"incubation1";"m";50209;0;0;NA;6;10202,5;"2021_incubation1_D15_6_m";"2021_incubation1_D15_6_m";0;327
"2021_D15_6";"D15_6";2021;"incubation2";"f";43087;0;0;NA;3;25669,3333333333;"2021_incubation2_D15_6_f";"2021_incubation2_D15_6_f";0;327
"2021_D15_6";"D15_6";2021;"incubation2";"m";50209;32804;1;32804;9;10157,6666666667;"2021_incubation2_D15_6_m";"2021_incubation2_D15_6_m";93,18;3
"2021_D15_6";"D15_6";2021;"incubation3";"f";43087;481;2;240,5;3;37321,6666666667;"2021_incubation3_D15_6_f";"2021_incubation3_D15_6_f";12,18;121
"2021_D15_6";"D15_6";2021;"incubation3";"m";50209;0;0;NA;2;55526,5;"2021_incubation3_D15_6_m";"2021_incubation3_D15_6_m";0;327
"2021_D16_1";"D16_1";2021;"incubation1";"f";55449;487;5;97,4;12;6297,41666666667;"2021_incubation1_D16_1_f";"2021_incubation1_D16_1_f";9,37;147
"2021_D16_1";"D16_1";2021;"incubation1";"m";48455;2434;4;608,5;13;9850,07692307692;"2021_incubation1_D16_1_m";"2021_incubation1_D16_1_m";28,86;52
"2021_D16_1";"D16_1";2021;"incubation2";"f";55449;146;1;146;4;24755;"2021_incubation2_D16_1_f";"2021_incubation2_D16_1_f";6,06;194
"2021_D16_1";"D16_1";2021;"incubation2";"m";48455;0;0;NA;4;28733,25;"2021_incubation2_D16_1_m";"2021_incubation2_D16_1_m";0;327
"2021_D16_1";"D16_1";2021;"incubation3";"f";55449;0;0;NA;2;28792,5;"2021_incubation3_D16_1_f";"2021_incubation3_D16_1_f";0;327
"2021_D16_1";"D16_1";2021;"incubation3";"m";48455;0;0;NA;2;60915;"2021_incubation3_D16_1_m";"2021_incubation3_D16_1_m";0;327
"2021_D16_10";"D16_10";2021;"incubation1";"f";55418;2140;3;713,333333333333;11;6621,45454545455;"2021_incubation1_D16_10_f";"2021_incubation1_D16_10_f";28,83;54
"2021_D16_10";"D16_10";2021;"incubation1";"m";48559;1774;6;295,666666666667;13;10056,3076923077;"2021_incubation1_D16_10_m";"2021_incubation1_D16_10_m";21,98;74
"2021_D17_16";"D17_16";2021;"incubation1";"f";50165;37757;1;37757;4;21801,5;"2021_incubation1_D17_16_f";"2021_incubation1_D17_16_f";96,19;1
"2021_D17_16";"D17_16";2021;"incubation1";"m";50172;402;6;67;11;7679,27272727273;"2021_incubation1_D17_16_m";"2021_incubation1_D17_16_m";7,71;168
"2021_D17_16";"D17_16";2021;"incubation2";"f";50165;25;1;25;2;40677,5;"2021_incubation2_D17_16_f";"2021_incubation2_D17_16_f";1,08;287
"2021_D17_16";"D17_16";2021;"incubation2";"m";50172;0;0;NA;1;99694;"2021_incubation2_D17_16_m";"2021_incubation2_D17_16_m";0;327
"2021_D17_16";"D17_16";2021;"incubation3";"f";50165;0;0;NA;2;43241;"2021_incubation3_D17_16_f";"2021_incubation3_D17_16_f";0;327
"2021_D17_16";"D17_16";2021;"incubation3";"m";50172;121;1;121;4;28404,25;"2021_incubation3_D17_16_m";"2021_incubation3_D17_16_m";5,12;215
"2021_K16_4";"K16_4";2021;"incubation1";"f";55413;0;0;NA;1;93882;"2021_incubation1_K16_4_f";"2021_incubation1_K16_4_f";0;327
"2021_K16_4";"K16_4";2021;"incubation1";"m";55402;3552;8;444;9;9811,77777777778;"2021_incubation1_K16_4_m";"2021_incubation1_K16_4_m";30,33;48
"2021_K16_4";"K16_4";2021;"incubation2";"f";55413;0;0;NA;1;106949;"2021_incubation2_K16_4_f";"2021_incubation2_K16_4_f";0;327
"2021_K16_4";"K16_4";2021;"incubation2";"m";55402;464;4;116;6;13530,5;"2021_incubation2_K16_4_m";"2021_incubation2_K16_4_m";9,54;145
"2021_K16_4";"K16_4";2021;"incubation3";"f";55413;0;0;NA;2;74843,5;"2021_incubation3_K16_4_f";"2021_incubation3_K16_4_f";0;327
"2021_K16_4";"K16_4";2021;"incubation3";"m";55402;200;2;100;3;22724,3333333333;"2021_incubation3_K16_4_m";"2021_incubation3_K16_4_m";5,87;197
"2021_K17_13";"K17_13";2021;"incubation1";"f";55406;0;0;NA;10;10612,4;"2021_incubation1_K17_13_f";"2021_incubation1_K17_13_f";0;327
"2021_K17_13";"K17_13";2021;"incubation1";"m";50496;0;0;NA;12;7890;"2021_incubation1_K17_13_m";"2021_incubation1_K17_13_m";0;327
"2021_K17_13";"K17_13";2021;"incubation2";"f";55406;0;0;NA;1;75084;"2021_incubation2_K17_13_f";"2021_incubation2_K17_13_f";0;327
"2021_K17_13";"K17_13";2021;"incubation2";"m";50496;82;1;82;3;35379,3333333333;"2021_incubation2_K17_13_m";"2021_incubation2_K17_13_m";3,57;242
"2021_K17_13";"K17_13";2021;"incubation3";"f";55406;9;1;9;2;46874,5;"2021_incubation3_K17_13_f";"2021_incubation3_K17_13_f";0,32;320
"2021_K17_13";"K17_13";2021;"incubation3";"m";50496;130;1;130;3;44478;"2021_incubation3_K17_13_m";"2021_incubation3_K17_13_m";5,46;207
"2021_K19_22";"K19_22";2021;"incubation1";"f";55684;0;0;NA;3;33598;"2021_incubation1_K19_22_f";"2021_incubation1_K19_22_f";0;327
"2021_K19_22";"K19_22";2021;"incubation1";"m";48561;0;0;NA;2;48911;"2021_incubation1_K19_22_m";"2021_incubation1_K19_22_m";0;327
"2021_K8";"K8";2021;"incubation1";"f";55404;0;0;NA;8;16474,25;"2021_incubation1_K8_f";"2021_incubation1_K8_f";0;327
"2021_K8";"K8";2021;"incubation1";"m";44931;160;3;53,3333333333333;15;5734,4;"2021_incubation1_K8_m";"2021_incubation1_K8_m";4,15;233
"2021_K8";"K8";2021;"incubation2";"f";55404;31481;1;31481;2;20385,5;"2021_incubation2_K8_f";"2021_incubation2_K8_f";92,3;5
"2021_K8";"K8";2021;"incubation2";"m";44931;0;0;NA;7;17872,4285714286;"2021_incubation2_K8_m";"2021_incubation2_K8_m";0;327
"2021_K8";"K8";2021;"incubation3";"f";55404;22659;7;3237;8;17937,625;"2021_incubation3_K8_f";"2021_incubation3_K8_f";65,22;12
"2021_K8";"K8";2021;"incubation3";"m";44931;0;0;NA;1;52109;"2021_incubation3_K8_m";"2021_incubation3_K8_m";0;327
"2021_W39";"W39";2021;"incubation2";"f";50152;0;0;NA;2;44172,5;"2021_incubation2_W39_f";"2021_incubation2_W39_f";0;327
"2021_W39";"W39";2021;"incubation2";"m";46070;0;0;NA;2;48543,5;"2021_incubation2_W39_m";"2021_incubation2_W39_m";0;327
"2021_W39";"W39";2021;"incubation3";"f";50152;20765;2;10382,5;3;49784,3333333333;"2021_incubation3_W39_f";"2021_incubation3_W39_f";76,13;9
"2021_W39";"W39";2021;"incubation3";"m";46070;0;0;NA;1;44602;"2021_incubation3_W39_m";"2021_incubation3_W39_m";0;327
"2021_W40";"W40";2021;"incubation1";"f";43817;353;6;58,8333333333333;14;10641;"2021_incubation1_W40_f";"2021_incubation1_W40_f";6,93;180
"2021_W40";"W40";2021;"incubation1";"m";41260;2468;8;308,5;38;2087,81578947368;"2021_incubation1_W40_m";"2021_incubation1_W40_m";25,03;64
"2021_W40";"W40";2021;"incubation2";"f";43817;257;4;64,25;13;8191,61538461538;"2021_incubation2_W40_f";"2021_incubation2_W40_f";5,83;201
"2021_W40";"W40";2021;"incubation2";"m";41260;935;10;93,5;27;4001,18518518519;"2021_incubation2_W40_m";"2021_incubation2_W40_m";13,21;111
"2021_W40";"W40";2021;"incubation3";"f";43817;360;5;72;6;18545,8333333333;"2021_incubation3_W40_f";"2021_incubation3_W40_f";7,34;172
"2021_W40";"W40";2021;"incubation3";"m";41260;853;9;94,7777777777778;22;4330,86363636364;"2021_incubation3_W40_m";"2021_incubation3_W40_m";12,61;115
"2021_W41J";"W41J";2021;"incubation1";"f";44955;643;4;160,75;6;22179,8333333333;"2021_incubation1_W41J_f";"2021_incubation1_W41J_f";12,27;120
"2021_W41J";"W41J";2021;"incubation1";"m";26975;5052;9;561,333333333333;13;5437,15384615385;"2021_incubation1_W41J_m";"2021_incubation1_W41J_m";35,17;36
"2021_W41J";"W41J";2021;"incubation2";"f";44955;0;0;NA;2;56583,5;"2021_incubation2_W41J_f";"2021_incubation2_W41J_f";0;327
"2021_W41J";"W41J";2021;"incubation2";"m";26975;410;2;205;2;48666,5;"2021_incubation2_W41J_m";"2021_incubation2_W41J_m";10,75;132
"2021_W41J";"W41J";2021;"incubation3";"f";44955;36;1;36;2;63001,5;"2021_incubation3_W41J_f";"2021_incubation3_W41J_f";1,58;279
"2021_W41J";"W41J";2021;"incubation3";"m";26975;2129;1;2129;3;30324,6666666667;"2021_incubation3_W41J_m";"2021_incubation3_W41J_m";37,82;34
"2021_W6";"W6";2021;"incubation1";"f";50099;834;9;92,6666666666667;17;4553,94117647059;"2021_incubation1_W6_f";"2021_incubation1_W6_f";12,42;118
"2021_W6";"W6";2021;"incubation1";"m";50088;315;4;78,75;25;6202,44;"2021_incubation1_W6_m";"2021_incubation1_W6_m";6,94;179
"2021_W6";"W6";2021;"incubation2";"f";50099;167;4;41,75;17;4803,35294117647;"2021_incubation2_W6_f";"2021_incubation2_W6_f";3,96;236
"2021_W6";"W6";2021;"incubation2";"m";50088;143;3;47,6666666666667;16;8089,375;"2021_incubation2_W6_m";"2021_incubation2_W6_m";3,74;238
"2021_W6";"W6";2021;"incubation3";"f";50099;405;5;81;11;11909,6363636364;"2021_incubation3_W6_f";"2021_incubation3_W6_f";8,08;161
"2021_W6";"W6";2021;"incubation3";"m";50088;132;2;66;12;7829,58333333333;"2021_incubation3_W6_m";"2021_incubation3_W6_m";4,02;235
"2023_101";"101";2023;"incubation1";"f";50161;11;1;11;5;23953,6;"2023_incubation1_101_f";"2023_incubation1_101_f";0,42;317
"2023_101";"101";2023;"incubation1";"m";48567;109;2;54,5;11;6356,45454545455;"2023_incubation1_101_m";"2023_incubation1_101_m";3,36;244
"2023_101";"101";2023;"incubation2";"f";50161;73;2;36,5;3;28205,6666666667;"2023_incubation2_101_f";"2023_incubation2_101_f";2,27;264
"2023_101";"101";2023;"incubation2";"m";48567;2732;1;2732;3;29131,3333333333;"2023_incubation2_101_m";"2023_incubation2_101_m";42,37;28
"2023_101";"101";2023;"incubation3";"f";50161;782;1;782;2;32395,5;"2023_incubation3_101_f";"2023_incubation3_101_f";21,83;76
"2023_101";"101";2023;"incubation3";"m";48567;1190;1;1190;3;37522;"2023_incubation3_101_m";"2023_incubation3_101_m";28,03;55
"2023_113_10";"113_10";2023;"incubation3";"f";60006;21;1;21;3;44006,3333333333;"2023_incubation3_113_10_f";"2023_incubation3_113_10_f";0,89;304
"2023_113_10";"113_10";2023;"incubation3";"m";50135;85;1;85;2;79939,5;"2023_incubation3_113_10_m";"2023_incubation3_113_10_m";3,69;239
"2023_11_58";"11_58";2023;"incubation2";"f";58338;45407;3;15135,6666666667;6;19086,6666666667;"2023_incubation2_11_58_f";"2023_incubation2_11_58_f";88,42;6
"2023_11_58";"11_58";2023;"incubation2";"m";58336;577;1;577;2;23432;"2023_incubation2_11_58_m";"2023_incubation2_11_58_m";17,89;88
"2023_11_58";"11_58";2023;"incubation3";"f";58338;194;1;194;2;38575,5;"2023_incubation3_11_58_f";"2023_incubation3_11_58_f";7,75;167
"2023_11_58";"11_58";2023;"incubation3";"m";58336;71;1;71;3;40917,6666666667;"2023_incubation3_11_58_m";"2023_incubation3_11_58_m";3,11;252
"2023_14_10M";"14_10M";2023;"incubation1";"f";50225;0;0;NA;4;30814;"2023_incubation1_14_10M_f";"2023_incubation1_14_10M_f";0;327
"2023_14_10M";"14_10M";2023;"incubation1";"m";50275;25;1;25;3;22995;"2023_incubation1_14_10M_m";"2023_incubation1_14_10M_m";1,08;287
"2023_14_10M";"14_10M";2023;"incubation2";"f";50225;0;0;NA;2;87577;"2023_incubation2_14_10M_f";"2023_incubation2_14_10M_f";0;327
"2023_14_10M";"14_10M";2023;"incubation2";"m";50275;0;0;NA;1;85572;"2023_incubation2_14_10M_m";"2023_incubation2_14_10M_m";0;327
"2023_14_10M";"14_10M";2023;"incubation3";"f";50225;0;0;NA;2;88483,5;"2023_incubation3_14_10M_f";"2023_incubation3_14_10M_f";0;327
"2023_14_10M";"14_10M";2023;"incubation3";"m";50275;0;0;NA;1;95161;"2023_incubation3_14_10M_m";"2023_incubation3_14_10M_m";0;327
"2023_A20_4";"A20_4";2023;"incubation1";"f";56618;1896;2;948;4;9892,5;"2023_incubation1_A20_4_f";"2023_incubation1_A20_4_f";29,91;49
"2023_A20_4";"A20_4";2023;"incubation1";"m";57906;7699;25;307,96;32;4475,15625;"2023_incubation1_A20_4_m";"2023_incubation1_A20_4_m";35,94;35
"2023_A20_4";"A20_4";2023;"incubation3";"f";56618;31732;1;31732;1;51640;"2023_incubation3_A20_4_f";"2023_incubation3_A20_4_f";92,47;4
"2023_A20_4";"A20_4";2023;"incubation3";"m";57906;397;2;198,5;4;22457;"2023_incubation3_A20_4_m";"2023_incubation3_A20_4_m";10,48;134
"2023_D15_6";"D15_6";2023;"incubation1";"f";43087;2565;3;855;14;6166;"2023_incubation1_D15_6_f";"2023_incubation1_D15_6_f";31,75;43
"2023_D15_6";"D15_6";2023;"incubation1";"m";50209;259;4;64,75;22;5744,13636363636;"2023_incubation1_D15_6_m";"2023_incubation1_D15_6_m";5,87;199
"2023_K17_13";"K17_13";2023;"incubation1";"f";55406;2256;5;451,2;13;4842,07692307692;"2023_incubation1_K17_13_f";"2023_incubation1_K17_13_f";26,3;60
"2023_K17_13";"K17_13";2023;"incubation1";"m";50496;7719;5;1543,8;11;10858,7272727273;"2023_incubation1_K17_13_m";"2023_incubation1_K17_13_m";47,18;19
"2023_K19_19";"K19_19";2023;"incubation2";"f";58339;141;1;141;4;21552,25;"2023_incubation2_K19_19_f";"2023_incubation2_K19_19_f";5,87;198
"2023_K19_19";"K19_19";2023;"incubation2";"m";57913;457;2;228,5;4;30337;"2023_incubation2_K19_19_m";"2023_incubation2_K19_19_m";11,71;125
"2023_K19_19";"K19_19";2023;"incubation3";"f";58339;255;3;85;14;6690,14285714286;"2023_incubation3_K19_19_f";"2023_incubation3_K19_19_f";6,3;189
"2023_K19_19";"K19_19";2023;"incubation3";"m";57913;9045;5;1809;7;14727,5714285714;"2023_incubation3_K19_19_m";"2023_incubation3_K19_19_m";50,19;17
"2023_K20_15";"K20_15";2023;"incubation1";"f";50493;145;2;72,5;20;5979,05;"2023_incubation1_K20_15_f";"2023_incubation1_K20_15_f";4,39;229
"2023_K20_15";"K20_15";2023;"incubation1";"m";56605;5755;3;1918,33333333333;12;6242,58333333333;"2023_incubation1_K20_15_m";"2023_incubation1_K20_15_m";46,17;20
"2023_K20_15";"K20_15";2023;"incubation2";"f";50493;0;0;NA;1;74643;"2023_incubation2_K20_15_f";"2023_incubation2_K20_15_f";0;327
"2023_K20_15";"K20_15";2023;"incubation2";"m";56605;0;0;NA;2;63105;"2023_incubation2_K20_15_m";"2023_incubation2_K20_15_m";0;327
"2023_K20_15";"K20_15";2023;"incubation3";"f";50493;0;0;NA;3;46070;"2023_incubation3_K20_15_f";"2023_incubation3_K20_15_f";0;327
"2023_K20_15";"K20_15";2023;"incubation3";"m";56605;30;1;30;2;36740;"2023_incubation3_K20_15_m";"2023_incubation3_K20_15_m";1,31;282
"2023_K20_17";"K20_17";2023;"incubation2";"f";57904;1638;6;273;7;15418,1428571429;"2023_incubation2_K20_17_f";"2023_incubation2_K20_17_f";20,95;79
"2023_K20_17";"K20_17";2023;"incubation2";"m";48598;0;0;NA;4;28117;"2023_incubation2_K20_17_m";"2023_incubation2_K20_17_m";0;327
"2023_K20_17";"K20_17";2023;"incubation3";"f";57904;794;9;88,2222222222222;10;8468,9;"2023_incubation3_K20_17_f";"2023_incubation3_K20_17_f";11,99;124
"2023_K20_17";"K20_17";2023;"incubation3";"m";48598;595;1;595;4;32063,75;"2023_incubation3_K20_17_m";"2023_incubation3_K20_17_m";18,27;86
"2023_K21_37";"K21_37";2023;"incubation3";"f";50176;0;0;NA;2;56376,5;"2023_incubation3_K21_37_f";"2023_incubation3_K21_37_f";0;327
"2023_K21_37";"K21_37";2023;"incubation3";"m";57954;0;0;NA;2;45967;"2023_incubation3_K21_37_m";"2023_incubation3_K21_37_m";0;327
"2023_K8";"K8";2023;"incubation1";"f";55404;297;2;148,5;7;16028,2857142857;"2023_incubation1_K8_f";"2023_incubation1_K8_f";8,27;158
"2023_K8";"K8";2023;"incubation1";"m";44931;504;2;252;8;11742,5;"2023_incubation1_K8_m";"2023_incubation1_K8_m";12,62;114
"2023_W40";"W40";2023;"incubation1";"f";43817;301;4;75,25;9;7356,22222222222;"2023_incubation1_W40_f";"2023_incubation1_W40_f";6,68;185
"2023_W40";"W40";2023;"incubation1";"m";41260;1484;12;123,666666666667;27;4963,59259259259;"2023_incubation1_W40_m";"2023_incubation1_W40_m";17,31;90
"2023_W40";"W40";2023;"incubation2";"f";43817;0;0;NA;2;56041;"2023_incubation2_W40_f";"2023_incubation2_W40_f";0;327
"2023_W40";"W40";2023;"incubation2";"m";41260;711;2;355,5;3;26666;"2023_incubation2_W40_m";"2023_incubation2_W40_m";16,24;93
"2023_W40";"W40";2023;"incubation3";"f";43817;205;2;102,5;6;22182,1666666667;"2023_incubation3_W40_f";"2023_incubation3_W40_f";6;195
"2023_W40";"W40";2023;"incubation3";"m";41260;216;4;54;12;6034,33333333333;"2023_incubation3_W40_m";"2023_incubation3_W40_m";5;217
"2023_W41J";"W41J";2023;"incubation1";"f";44955;0;0;NA;2;29141,5;"2023_incubation1_W41J_f";"2023_incubation1_W41J_f";0;327
"2023_W41J";"W41J";2023;"incubation1";"m";26975;266;2;133;3;42237,3333333333;"2023_incubation1_W41J_m";"2023_incubation1_W41J_m";7,53;170
"2023_W41J";"W41J";2023;"incubation2";"f";44955;0;0;NA;2;64775,5;"2023_incubation2_W41J_f";"2023_incubation2_W41J_f";0;327
"2023_W41J";"W41J";2023;"incubation2";"m";26975;0;0;NA;1;83601;"2023_incubation2_W41J_m";"2023_incubation2_W41J_m";0;327
"2023_W41J";"W41J";2023;"incubation3";"f";44955;0;0;NA;1;81356;"2023_incubation3_W41J_f";"2023_incubation3_W41J_f";0;327
"2023_W41J";"W41J";2023;"incubation3";"m";26975;4000;2;2000;2;61282;"2023_incubation3_W41J_m";"2023_incubation3_W41J_m";43;27
"2023_W6";"W6";2023;"incubation1";"f";50099;0;0;NA;9;5537,44444444444;"2023_incubation1_W6_f";"2023_incubation1_W6_f";0;327
"2023_W6";"W6";2023;"incubation1";"m";50088;5703;3;1901;11;16237,1818181818;"2023_incubation1_W6_m";"2023_incubation1_W6_m";45,99;21
"2025_101";"101";2025;"incubation1";"f";50161;2992;6;498,666666666667;21;5124,95238095238;"2025_incubation1_101_f";"2025_incubation1_101_f";29,44;51
"2025_101";"101";2025;"incubation1";"m";48567;44;1;44;11;5500,72727272727;"2025_incubation1_101_m";"2025_incubation1_101_m";1,94;273
"2025_101";"101";2025;"incubation2";"f";50161;15;1;15;3;27430,6666666667;"2025_incubation2_101_f";"2025_incubation2_101_f";0,61;313
"2025_101";"101";2025;"incubation2";"m";48567;0;0;NA;2;56910;"2025_incubation2_101_m";"2025_incubation2_101_m";0;327
"2025_101";"101";2025;"incubation3";"f";50161;4122;1;4122;2;40442,5;"2025_incubation3_101_f";"2025_incubation3_101_f";50,21;16
"2025_101";"101";2025;"incubation3";"m";48567;147;2;73,5;3;30690,3333333333;"2025_incubation3_101_m";"2025_incubation3_101_m";4,44;227
"2025_113_10";"113_10";2025;"incubation1";"f";60006;0;0;NA;2;45555,5;"2025_incubation1_113_10_f";"2025_incubation1_113_10_f";0;327
"2025_113_10";"113_10";2025;"incubation1";"m";50135;0;0;NA;2;46004;"2025_incubation1_113_10_m";"2025_incubation1_113_10_m";0;327
"2025_113_10";"113_10";2025;"incubation2";"f";60006;0;0;NA;3;35136,3333333333;"2025_incubation2_113_10_f";"2025_incubation2_113_10_f";0;327
"2025_113_10";"113_10";2025;"incubation2";"m";50135;16;1;16;3;25446,3333333333;"2025_incubation2_113_10_m";"2025_incubation2_113_10_m";0,66;311
"2025_113_1A";"113_1A";2025;"incubation1";"f";50244;4069;3;1356,33333333333;8;12061,625;"2025_incubation1_113_1A_f";"2025_incubation1_113_1A_f";39,74;33
"2025_113_1A";"113_1A";2025;"incubation1";"m";55439;346;1;346;11;6697,72727272727;"2025_incubation1_113_1A_m";"2025_incubation1_113_1A_m";12,36;119
"2025_113_1A";"113_1A";2025;"incubation2";"f";50244;0;0;NA;4;16506,75;"2025_incubation2_113_1A_f";"2025_incubation2_113_1A_f";0;327
"2025_113_1A";"113_1A";2025;"incubation2";"m";55439;47;1;47;3;44501,6666666667;"2025_incubation2_113_1A_m";"2025_incubation2_113_1A_m";2,07;272
"2025_113_1A";"113_1A";2025;"incubation3";"f";50244;0;0;NA;2;51212;"2025_incubation3_113_1A_f";"2025_incubation3_113_1A_f";0;327
"2025_113_1A";"113_1A";2025;"incubation3";"m";55439;0;0;NA;1;78986;"2025_incubation3_113_1A_m";"2025_incubation3_113_1A_m";0;327
"2025_113_41";"113_41";2025;"incubation2";"f";44892;131;1;131;4;36914,75;"2025_incubation2_113_41_f";"2025_incubation2_113_41_f";5,5;205
"2025_113_41";"113_41";2025;"incubation2";"m";46155;370;1;370;4;13382,25;"2025_incubation2_113_41_m";"2025_incubation2_113_41_m";13,01;112
"2025_113_41";"113_41";2025;"incubation3";"f";44892;0;0;NA;2;48791;"2025_incubation3_113_41_f";"2025_incubation3_113_41_f";0;327
"2025_113_41";"113_41";2025;"incubation3";"m";46155;0;0;NA;2;41112,5;"2025_incubation3_113_41_m";"2025_incubation3_113_41_m";0;327
"2025_11_58";"11_58";2025;"incubation2";"f";58338;0;0;NA;2;47739,5;"2025_incubation2_11_58_f";"2025_incubation2_11_58_f";0;327
"2025_11_58";"11_58";2025;"incubation2";"m";58336;38;1;38;2;38856;"2025_incubation2_11_58_m";"2025_incubation2_11_58_m";1,67;278
"2025_11_58";"11_58";2025;"incubation3";"f";58338;0;0;NA;4;25399;"2025_incubation3_11_58_f";"2025_incubation3_11_58_f";0;327
"2025_11_58";"11_58";2025;"incubation3";"m";58336;239;2;119,5;5;14940;"2025_incubation3_11_58_m";"2025_incubation3_11_58_m";6,87;181
"2025_12_16";"12_16";2025;"incubation1";"f";59948;3217;8;402,125;10;8455,1;"2025_incubation1_12_16_f";"2025_incubation1_12_16_f";28,84;53
"2025_12_16";"12_16";2025;"incubation1";"m";50138;2941;1;2941;4;28585;"2025_incubation1_12_16_m";"2025_incubation1_12_16_m";43,74;25
"2025_14_10M";"14_10M";2025;"incubation1";"f";50225;12;1;12;4;36784;"2025_incubation1_14_10M_f";"2025_incubation1_14_10M_f";0,47;316
"2025_14_10M";"14_10M";2025;"incubation1";"m";50275;150;2;75;2;41316;"2025_incubation1_14_10M_m";"2025_incubation1_14_10M_m";4,53;225
"2025_14_10M";"14_10M";2025;"incubation2";"f";50225;0;0;NA;1;100678;"2025_incubation2_14_10M_f";"2025_incubation2_14_10M_f";0;327
"2025_14_10M";"14_10M";2025;"incubation2";"m";50275;0;0;NA;2;66603,5;"2025_incubation2_14_10M_m";"2025_incubation2_14_10M_m";0;327
"2025_14_10M";"14_10M";2025;"incubation3";"f";50225;0;0;NA;1;118975;"2025_incubation3_14_10M_f";"2025_incubation3_14_10M_f";0;327
"2025_14_10M";"14_10M";2025;"incubation3";"m";50275;0;0;NA;1;58078;"2025_incubation3_14_10M_m";"2025_incubation3_14_10M_m";0;327
"2025_83N";"83N";2025;"incubation1";"f";57164;1223;2;611,5;4;33335,5;"2025_incubation1_83N_f";"2025_incubation1_83N_f";23,22;69
"2025_83N";"83N";2025;"incubation1";"m";55442;0;0;NA;11;9781;"2025_incubation1_83N_m";"2025_incubation1_83N_m";0;327
"2025_83N";"83N";2025;"incubation2";"f";57164;0;0;NA;2;38460;"2025_incubation2_83N_f";"2025_incubation2_83N_f";0;327
"2025_83N";"83N";2025;"incubation2";"m";55442;0;0;NA;2;52116,5;"2025_incubation2_83N_m";"2025_incubation2_83N_m";0;327
"2025_A20_1";"A20_1";2025;"incubation1";"f";59944;53888;23;2342,95652173913;29;2718,10344827586;"2025_incubation1_A20_1_f";"2025_incubation1_A20_1_f";71,38;11
"2025_A20_1";"A20_1";2025;"incubation1";"m";55691;1779;7;254,142857142857;11;4441,27272727273;"2025_incubation1_A20_1_m";"2025_incubation1_A20_1_m";21,31;78
"2025_A20_1";"A20_1";2025;"incubation2";"f";59944;288;4;72;10;7876,4;"2025_incubation2_A20_1_f";"2025_incubation2_A20_1_f";6,43;188
"2025_A20_1";"A20_1";2025;"incubation2";"m";55691;2320;10;232;12;7730,41666666667;"2025_incubation2_A20_1_m";"2025_incubation2_A20_1_m";23,2;70
"2025_A20_1";"A20_1";2025;"incubation3";"f";59944;171;1;171;5;10999;"2025_incubation3_A20_1_f";"2025_incubation3_A20_1_f";6,95;178
"2025_A20_1";"A20_1";2025;"incubation3";"m";55691;1862;3;620,666666666667;4;27815,5;"2025_incubation3_A20_1_m";"2025_incubation3_A20_1_m";26,68;59
"2025_A20_3";"A20_3";2025;"incubation1";"f";59978;0;0;NA;4;23846,25;"2025_incubation1_A20_3_f";"2025_incubation1_A20_3_f";0;327
"2025_A20_3";"A20_3";2025;"incubation1";"m";57909;0;0;NA;1;86672;"2025_incubation1_A20_3_m";"2025_incubation1_A20_3_m";0;327
"2025_A20_3";"A20_3";2025;"incubation2";"f";59978;0;0;NA;2;38274,5;"2025_incubation2_A20_3_f";"2025_incubation2_A20_3_f";0;327
"2025_A20_3";"A20_3";2025;"incubation2";"m";57909;0;0;NA;1;101591;"2025_incubation2_A20_3_m";"2025_incubation2_A20_3_m";0;327
"2025_A20_4";"A20_4";2025;"incubation1";"f";61573;4966;1;4966;8;10982,625;"2025_incubation1_A20_4_f";"2025_incubation1_A20_4_f";53,88;15
"2025_A20_4";"A20_4";2025;"incubation1";"m";57906;116;1;116;47;2360,27659574468;"2025_incubation1_A20_4_m";"2025_incubation1_A20_4_m";4,93;219
"2025_A20_4";"A20_4";2025;"incubation2";"f";61573;0;0;NA;3;39789,3333333333;"2025_incubation2_A20_4_f";"2025_incubation2_A20_4_f";0;327
"2025_A20_4";"A20_4";2025;"incubation2";"m";57906;0;0;NA;21;4856,80952380952;"2025_incubation2_A20_4_m";"2025_incubation2_A20_4_m";0;327
"2025_A20_4";"A20_4";2025;"incubation3";"f";61573;0;0;NA;2;63222;"2025_incubation3_A20_4_f";"2025_incubation3_A20_4_f";0;327
"2025_A20_4";"A20_4";2025;"incubation3";"m";57906;71;1;71;3;20246,3333333333;"2025_incubation3_A20_4_m";"2025_incubation3_A20_4_m";3,11;252
"2025_D15_11";"D15_11";2025;"incubation2";"f";50230;29;1;29;2;51377,5;"2025_incubation2_D15_11_f";"2025_incubation2_D15_11_f";1,26;284
"2025_D15_11";"D15_11";2025;"incubation2";"m";50070;64;1;64;3;46032,6666666667;"2025_incubation2_D15_11_m";"2025_incubation2_D15_11_m";2,81;260
"2025_D15_11";"D15_11";2025;"incubation3";"f";50230;0;0;NA;2;51686;"2025_incubation3_D15_11_f";"2025_incubation3_D15_11_f";0;327
"2025_D15_11";"D15_11";2025;"incubation3";"m";50070;22;1;22;1;73822;"2025_incubation3_D15_11_m";"2025_incubation3_D15_11_m";0,94;300
"2025_D15_6";"D15_6";2025;"incubation2";"f";43087;0;0;NA;2;51358,5;"2025_incubation2_D15_6_f";"2025_incubation2_D15_6_f";0;327
"2025_D15_6";"D15_6";2025;"incubation2";"m";50209;94;1;94;4;25554,25;"2025_incubation2_D15_6_m";"2025_incubation2_D15_6_m";4,06;234
"2025_D15_6";"D15_6";2025;"incubation3";"f";43087;205;1;205;3;31373,6666666667;"2025_incubation3_D15_6_f";"2025_incubation3_D15_6_f";8,12;160
"2025_D15_6";"D15_6";2025;"incubation3";"m";50209;44;1;44;2;42661,5;"2025_incubation3_D15_6_m";"2025_incubation3_D15_6_m";1,94;273
"2025_D17_16";"D17_16";2025;"incubation1";"f";50165;5429;3;1809,66666666667;10;10560,9;"2025_incubation1_D17_16_f";"2025_incubation1_D17_16_f";45,06;23
"2025_D17_16";"D17_16";2025;"incubation1";"m";61525;3388;22;154;32;2206,71875;"2025_incubation1_D17_16_m";"2025_incubation1_D17_16_m";25,14;63
"2025_D17_16";"D17_16";2025;"incubation2";"f";50165;677;2;338,5;5;19249,8;"2025_incubation2_D17_16_f";"2025_incubation2_D17_16_f";15,69;97
"2025_D17_16";"D17_16";2025;"incubation2";"m";61525;236;4;59;6;13098,1666666667;"2025_incubation2_D17_16_m";"2025_incubation2_D17_16_m";5,41;209
"2025_D17_16";"D17_16";2025;"incubation3";"f";50165;22;1;22;7;13280,1428571429;"2025_incubation3_D17_16_f";"2025_incubation3_D17_16_f";0,94;300
"2025_D17_16";"D17_16";2025;"incubation3";"m";61525;268;1;268;10;8650,9;"2025_incubation3_D17_16_m";"2025_incubation3_D17_16_m";10,12;139
"2025_D17_8";"D17_8";2025;"incubation1";"f";57902;0;0;NA;5;7259,4;"2025_incubation1_D17_8_f";"2025_incubation1_D17_8_f";0;327
"2025_D17_8";"D17_8";2025;"incubation1";"m";57903;2034;2;1017;11;13453,8181818182;"2025_incubation1_D17_8_m";"2025_incubation1_D17_8_m";31,06;45
"2025_D17_8";"D17_8";2025;"incubation2";"f";57902;0;0;NA;6;11146,3333333333;"2025_incubation2_D17_8_f";"2025_incubation2_D17_8_f";0;327
"2025_D17_8";"D17_8";2025;"incubation2";"m";57903;151;1;151;5;21198,6;"2025_incubation2_D17_8_m";"2025_incubation2_D17_8_m";6,24;191
"2025_D17_8";"D17_8";2025;"incubation3";"f";57902;0;0;NA;2;40252;"2025_incubation3_D17_8_f";"2025_incubation3_D17_8_f";0;327
"2025_D17_8";"D17_8";2025;"incubation3";"m";57903;25;1;25;3;33571;"2025_incubation3_D17_8_m";"2025_incubation3_D17_8_m";1,08;287
"2025_D21_1";"D21_1";2025;"incubation1";"f";50095;189;4;47,25;7;17013,7142857143;"2025_incubation1_D21_1_f";"2025_incubation1_D21_1_f";4,43;228
"2025_D21_1";"D21_1";2025;"incubation1";"m";50250;0;0;NA;3;20575,6666666667;"2025_incubation1_D21_1_m";"2025_incubation1_D21_1_m";0;327
"2025_D21_1";"D21_1";2025;"incubation2";"f";50095;0;0;NA;1;83596;"2025_incubation2_D21_1_f";"2025_incubation2_D21_1_f";0;327
"2025_D21_1";"D21_1";2025;"incubation2";"m";50250;22;1;22;3;28760,3333333333;"2025_incubation2_D21_1_m";"2025_incubation2_D21_1_m";0,94;300
"2025_D21_1";"D21_1";2025;"incubation3";"f";50095;12;2;6;3;24311;"2025_incubation3_D21_1_f";"2025_incubation3_D21_1_f";0,3;321
"2025_D21_1";"D21_1";2025;"incubation3";"m";50250;0;0;NA;2;54553,5;"2025_incubation3_D21_1_m";"2025_incubation3_D21_1_m";0;327
"2025_D22_17";"D22_17";2025;"incubation2";"f";59976;0;0;NA;2;51030;"2025_incubation2_D22_17_f";"2025_incubation2_D22_17_f";0;327
"2025_D22_17";"D22_17";2025;"incubation2";"m";59941;0;0;NA;2;38668,5;"2025_incubation2_D22_17_m";"2025_incubation2_D22_17_m";0;327
"2025_D22_17";"D22_17";2025;"incubation3";"f";59976;0;0;NA;2;46459,5;"2025_incubation3_D22_17_f";"2025_incubation3_D22_17_f";0;327
"2025_D22_17";"D22_17";2025;"incubation3";"m";59941;0;0;NA;2;46355,5;"2025_incubation3_D22_17_m";"2025_incubation3_D22_17_m";0;327
"2025_J24_1";"J24_1";2025;"incubation1";"f";59939;447;4;111,75;10;6652,4;"2025_incubation1_J24_1_f";"2025_incubation1_J24_1_f";9,26;148
"2025_J24_1";"J24_1";2025;"incubation1";"m";59954;1044;7;149,142857142857;10;10172,9;"2025_incubation1_J24_1_m";"2025_incubation1_J24_1_m";15,2;101
"2025_J24_1";"J24_1";2025;"incubation2";"f";59939;41;1;41;7;9871,85714285714;"2025_incubation2_J24_1_f";"2025_incubation2_J24_1_f";1,81;277
"2025_J24_1";"J24_1";2025;"incubation2";"m";59954;150;3;50;5;24473,8;"2025_incubation2_J24_1_m";"2025_incubation2_J24_1_m";3,91;237
"2025_J24_1";"J24_1";2025;"incubation3";"f";59939;0;0;NA;1;23783;"2025_incubation3_J24_1_f";"2025_incubation3_J24_1_f";0;327
"2025_J24_1";"J24_1";2025;"incubation3";"m";59954;0;0;NA;2;71940,5;"2025_incubation3_J24_1_m";"2025_incubation3_J24_1_m";0;327
"2025_K16_4";"K16_4";2025;"incubation1";"f";58341;748;6;124,666666666667;14;9161,71428571429;"2025_incubation1_K16_4_f";"2025_incubation1_K16_4_f";12,44;117
"2025_K16_4";"K16_4";2025;"incubation1";"m";57893;738;5;147,6;58;1525,94827586207;"2025_incubation1_K16_4_m";"2025_incubation1_K16_4_m";12,84;113
"2025_K16_4";"K16_4";2025;"incubation2";"f";58341;0;0;NA;2;79151,5;"2025_incubation2_K16_4_f";"2025_incubation2_K16_4_f";0;327
"2025_K16_4";"K16_4";2025;"incubation2";"m";57893;1238;2;619;5;16535,6;"2025_incubation2_K16_4_m";"2025_incubation2_K16_4_m";23,4;67
"2025_K16_4";"K16_4";2025;"incubation3";"f";58341;22;1;22;5;20635,8;"2025_incubation3_K16_4_f";"2025_incubation3_K16_4_f";0,94;300
"2025_K16_4";"K16_4";2025;"incubation3";"m";57893;1623;4;405,75;6;11185,5;"2025_incubation3_K16_4_m";"2025_incubation3_K16_4_m";22,9;72
"2025_K17_13";"K17_13";2025;"incubation1";"f";55406;0;0;NA;3;31781,6666666667;"2025_incubation1_K17_13_f";"2025_incubation1_K17_13_f";0;327
"2025_K17_13";"K17_13";2025;"incubation1";"m";50496;209;1;209;4;19914,25;"2025_incubation1_K17_13_m";"2025_incubation1_K17_13_m";8,25;159
"2025_K17_13";"K17_13";2025;"incubation2";"f";55406;0;0;NA;2;62605;"2025_incubation2_K17_13_f";"2025_incubation2_K17_13_f";0;327
"2025_K17_13";"K17_13";2025;"incubation2";"m";50496;65;1;65;4;18595,5;"2025_incubation2_K17_13_m";"2025_incubation2_K17_13_m";2,86;257
"2025_K19_15_22cmplx";"K19_15_22cmplx";2025;"incubation1";"f";48555;18;1;18;7;14771;"2025_incubation1_K19_15_22cmplx_f";"2025_incubation1_K19_15_22cmplx_f";0,75;307
"2025_K19_15_22cmplx";"K19_15_22cmplx";2025;"incubation1";"m";58337;14335;26;551,346153846154;33;1797,0303030303;"2025_incubation1_K19_15_22cmplx_m";"2025_incubation1_K19_15_22cmplx_m";45,65;22
"2025_K19_15_22cmplx";"K19_15_22cmplx";2025;"incubation2";"f";48555;3628;2;1814;4;37507,75;"2025_incubation2_K19_15_22cmplx_f";"2025_incubation2_K19_15_22cmplx_f";41,19;32
"2025_K19_15_22cmplx";"K19_15_22cmplx";2025;"incubation2";"m";58337;10001;2;5000,5;3;24208;"2025_incubation2_K19_15_22cmplx_m";"2025_incubation2_K19_15_22cmplx_m";60,99;14
"2025_K19_22";"K19_22";2025;"incubation2";"f";55684;423;4;105,75;7;19089,1428571429;"2025_incubation2_K19_22_f";"2025_incubation2_K19_22_f";8,86;152
"2025_K19_22";"K19_22";2025;"incubation2";"m";58348;1917;6;319,5;7;9319,85714285714;"2025_incubation2_K19_22_m";"2025_incubation2_K19_22_m";23,01;71
"2025_K19_22";"K19_22";2025;"incubation3";"f";55684;100;1;100;3;36881;"2025_incubation3_K19_22_f";"2025_incubation3_K19_22_f";4,3;231
"2025_K19_22";"K19_22";2025;"incubation3";"m";58348;1333;3;444,333333333333;5;16571,8;"2025_incubation3_K19_22_m";"2025_incubation3_K19_22_m";21,87;75
"2025_K19_31";"K19_31";2025;"incubation2";"f";57171;8413;1;8413;4;22243,75;"2025_incubation2_K19_31_f";"2025_incubation2_K19_31_f";64,54;13
"2025_K19_31";"K19_31";2025;"incubation2";"m";57208;36752;1;36752;5;15636,4;"2025_incubation2_K19_31_m";"2025_incubation2_K19_31_m";95,61;2
"2025_K19_31";"K19_31";2025;"incubation3";"f";57171;0;0;NA;2;43604,5;"2025_incubation3_K19_31_f";"2025_incubation3_K19_31_f";0;327
"2025_K19_31";"K19_31";2025;"incubation3";"m";57208;0;0;NA;2;39712,5;"2025_incubation3_K19_31_m";"2025_incubation3_K19_31_m";0;327
"2025_K20_15";"K20_15";2025;"incubation1";"f";50493;0;0;NA;3;32472;"2025_incubation1_K20_15_f";"2025_incubation1_K20_15_f";0;327
"2025_K20_15";"K20_15";2025;"incubation1";"m";56605;8;1;8;5;20348,4;"2025_incubation1_K20_15_m";"2025_incubation1_K20_15_m";0,27;322
"2025_K20_15";"K20_15";2025;"incubation2";"f";50493;16;1;16;4;28198,25;"2025_incubation2_K20_15_f";"2025_incubation2_K20_15_f";0,66;311
"2025_K20_15";"K20_15";2025;"incubation2";"m";56605;0;0;NA;3;22321;"2025_incubation2_K20_15_m";"2025_incubation2_K20_15_m";0;327
"2025_K20_8";"K20_8";2025;"incubation2";"f";56615;0;0;NA;5;12575,4;"2025_incubation2_K20_8_f";"2025_incubation2_K20_8_f";0;327
"2025_K20_8";"K20_8";2025;"incubation2";"m";60007;0;0;NA;5;31126,6;"2025_incubation2_K20_8_m";"2025_incubation2_K20_8_m";0;327
"2025_K21_28";"K21_28";2025;"incubation2";"f";59958;101;1;101;3;33440,6666666667;"2025_incubation2_K21_28_f";"2025_incubation2_K21_28_f";4,34;230
"2025_K21_28";"K21_28";2025;"incubation2";"m";59952;11;1;11;2;58774;"2025_incubation2_K21_28_m";"2025_incubation2_K21_28_m";0,42;317
"2025_K21_28";"K21_28";2025;"incubation3";"f";59958;13;1;13;3;33150,3333333333;"2025_incubation3_K21_28_f";"2025_incubation3_K21_28_f";0,51;315
"2025_K21_28";"K21_28";2025;"incubation3";"m";59952;28;1;28;2;40558;"2025_incubation3_K21_28_m";"2025_incubation3_K21_28_m";1,22;285
"2025_K21_36";"K21_36";2025;"incubation1";"f";57951;0;0;NA;5;24922,4;"2025_incubation1_K21_36_f";"2025_incubation1_K21_36_f";0;327
"2025_K21_36";"K21_36";2025;"incubation1";"m";57863;50;1;50;3;28559,3333333333;"2025_incubation1_K21_36_m";"2025_incubation1_K21_36_m";2,21;265
"2025_K21_36";"K21_36";2025;"incubation2";"f";57951;0;0;NA;6;14216,8333333333;"2025_incubation2_K21_36_f";"2025_incubation2_K21_36_f";0;327
"2025_K21_36";"K21_36";2025;"incubation2";"m";57863;33;1;33;5;18730,2;"2025_incubation2_K21_36_m";"2025_incubation2_K21_36_m";1,45;280
"2025_K22_52";"K22_52";2025;"incubation1";"f";60005;0;0;NA;3;32110,6666666667;"2025_incubation1_K22_52_f";"2025_incubation1_K22_52_f";0;327
"2025_K22_52";"K22_52";2025;"incubation1";"m";58366;0;0;NA;3;28689,6666666667;"2025_incubation1_K22_52_m";"2025_incubation1_K22_52_m";0;327
"2025_K22_52";"K22_52";2025;"incubation2";"f";60005;0;0;NA;3;27053,3333333333;"2025_incubation2_K22_52_f";"2025_incubation2_K22_52_f";0;327
"2025_K22_52";"K22_52";2025;"incubation2";"m";58366;17;1;17;3;40983,6666666667;"2025_incubation2_K22_52_m";"2025_incubation2_K22_52_m";0,7;309
"2025_K8";"K8";2025;"incubation1";"f";55404;113;3;37,6666666666667;21;4973,71428571429;"2025_incubation1_K8_f";"2025_incubation1_K8_f";2,99;256
"2025_K8";"K8";2025;"incubation1";"m";44931;245;1;245;5;17164,2;"2025_incubation1_K8_m";"2025_incubation1_K8_m";9,41;146
"2025_K8";"K8";2025;"incubation2";"f";55404;337;4;84,25;15;6797,53333333333;"2025_incubation2_K8_f";"2025_incubation2_K8_f";7,35;171
"2025_K8";"K8";2025;"incubation2";"m";44931;740;4;185;7;13417,5714285714;"2025_incubation2_K8_m";"2025_incubation2_K8_m";13,61;107
"2025_K8";"K8";2025;"incubation3";"f";55404;111;1;111;3;39276,3333333333;"2025_incubation3_K8_f";"2025_incubation3_K8_f";4,73;221
"2025_K8";"K8";2025;"incubation3";"m";44931;0;0;NA;1;57675;"2025_incubation3_K8_m";"2025_incubation3_K8_m";0;327
"2025_W20";"W20";2025;"incubation2";"f";59949;0;0;NA;2;45306,5;"2025_incubation2_W20_f";"2025_incubation2_W20_f";0;327
"2025_W20";"W20";2025;"incubation2";"m";55422;131;3;43,6666666666667;4;26199,5;"2025_incubation2_W20_m";"2025_incubation2_W20_m";3,44;243
"2025_W20";"W20";2025;"incubation3";"f";59949;0;0;NA;1;74908;"2025_incubation3_W20_f";"2025_incubation3_W20_f";0;327
"2025_W20";"W20";2025;"incubation3";"m";55422;85;1;85;3;34426;"2025_incubation3_W20_m";"2025_incubation3_W20_m";3,69;239
"2025_W28N";"W28N";2025;"incubation1";"f";26953;0;0;NA;3;43992,3333333333;"2025_incubation1_W28N_f";"2025_incubation1_W28N_f";0;327
"2025_W28N";"W28N";2025;"incubation1";"m";59897;0;0;NA;2;35073,5;"2025_incubation1_W28N_m";"2025_incubation1_W28N_m";0;327
"2025_W28N";"W28N";2025;"incubation2";"f";26953;0;0;NA;3;30049;"2025_incubation2_W28N_f";"2025_incubation2_W28N_f";0;327
"2025_W28N";"W28N";2025;"incubation2";"m";59897;0;0;NA;2;45212;"2025_incubation2_W28N_m";"2025_incubation2_W28N_m";0;327
"2025_W38A";"W38A";2025;"incubation1";"f";46025;0;0;NA;15;5747,26666666667;"2025_incubation1_W38A_f";"2025_incubation1_W38A_f";0;327
"2025_W38A";"W38A";2025;"incubation1";"m";59956;139;3;46,3333333333333;4;26925;"2025_incubation1_W38A_m";"2025_incubation1_W38A_m";3,64;241
"2025_W38A";"W38A";2025;"incubation2";"f";46025;0;0;NA;1;94195;"2025_incubation2_W38A_f";"2025_incubation2_W38A_f";0;327
"2025_W38A";"W38A";2025;"incubation2";"m";59956;0;0;NA;2;42600;"2025_incubation2_W38A_m";"2025_incubation2_W38A_m";0;327
"2025_W41J";"W41J";2025;"incubation2";"f";44955;0;0;NA;2;42112;"2025_incubation2_W41J_f";"2025_incubation2_W41J_f";0;327
"2025_W41J";"W41J";2025;"incubation2";"m";26975;1162;1;1162;3;40125,3333333333;"2025_incubation2_W41J_m";"2025_incubation2_W41J_m";27,65;56
"2025_W41J";"W41J";2025;"incubation3";"f";44955;0;0;NA;2;57682;"2025_incubation3_W41J_f";"2025_incubation3_W41J_f";0;327
"2025_W41J";"W41J";2025;"incubation3";"m";26975;0;0;NA;2;44142;"2025_incubation3_W41J_m";"2025_incubation3_W41J_m";0;327
"2025_Y23_1";"Y23_1";2025;"incubation1";"f";60010;730;4;182,5;9;9866,55555555555;"2025_incubation1_Y23_1_f";"2025_incubation1_Y23_1_f";13,47;108
"2025_Y23_1";"Y23_1";2025;"incubation1";"m";43812;639;3;213;5;15683,8;"2025_incubation1_Y23_1_m";"2025_incubation1_Y23_1_m";13,25;110
"2025_Y23_1";"Y23_1";2025;"incubation3";"f";60010;0;0;NA;2;34106;"2025_incubation3_Y23_1_f";"2025_incubation3_Y23_1_f";0;327
"2025_Y23_1";"Y23_1";2025;"incubation3";"m";43812;11;1;11;2;49799;"2025_incubation3_Y23_1_m";"2025_incubation3_Y23_1_m";0,42;317
