"Season";"session";"Nest";"group";"total_neglected_seconds";"number_of_neglect_events";"average_neglect_duration";"uCode";"NI";"Rank";"Lay_day";"Hatch_day";"mean_date";"Julian_Date_point";"Incubation_Duration";"Days_to_Hatch"
"2019";"incubation1";"101";"complete";18850;15;1256,66666666667;"101_incubation1_19";47,33;17;166;196;2019-06-20 06:16:20;171;30;25
"2019";"incubation1";"113_10";"complete";2225;5;445;"113_10_incubation1_19";20,48;53;172;199;2019-06-25 23:13:43;176;27;23
"2019";"incubation1";"14_6K";"failed chick";525;9;58,3333333333333;"14_6K_incubation1_19";5,63;126;169;198;2019-06-23 14:04:45;174;29;24
"2019";"incubation1";"D15_5";"complete";3900;27;144,444444444444;"D15_5_incubation1_19";19,43;57;171;200;2019-06-25 14:50:52.5;176;29;24
"2019";"incubation1";"D15_6";"complete";275;2;137,5;"D15_6_incubation1_19";5,98;123;169;198;2019-06-23 14:04:00.5;174;29;24
"2019";"incubation1";"IC";"complete";275;4;68,75;"IC_incubation1_19";4,25;145;165;194;2019-06-20 05:34:35;171;29;23
"2019";"incubation1";"K17_13";"complete";75;2;37,5;"K17_13_incubation1_19";1,81;179;170;199;2019-06-24 19:06:51.5;175;29;24
"2019";"incubation1";"K17_15";"complete";1025;10;102,5;"K17_15_incubation1_19";9,52;98;168;197;2019-06-22 03:21:25.5;173;29;24
"2019";"incubation1";"W39B";"complete";1600;13;123,076923076923;"W39B_incubation1_19";12,48;80;172;200;2019-06-25 23:14:02;176;28;24
"2019";"incubation1";"W40";"complete";1600;15;106,666666666667;"W40_incubation1_19";12,08;85;169;198;2019-06-23 14:01:32;174;29;24
"2019";"incubation1";"W41J";"complete";9450;40;236,25;"W41J_incubation1_19";29,3;33;170;198;2019-06-24 19:19:01.5;175;28;23
"2019";"incubation1";"W49";"complete";275;1;275;"W49_incubation1_19";8,78;101;172;199;2019-06-25 23:10:07;176;27;23
"2019";"incubation2";"101";"complete";200;2;100;"101_incubation2_19";4,52;139;166;196;2019-06-30 00:33:11;181;30;15
"2019";"incubation2";"113_10";"complete";150;2;75;"113_10_incubation2_19";3,48;152;172;199;2019-07-07 02:41:12;188;27;11
"2019";"incubation2";"14_6K";"failed chick";300;4;75;"14_6K_incubation2_19";4,6;138;169;198;2019-07-03 04:06:40;184;29;14
"2019";"incubation2";"D15_5";"complete";150;2;75;"D15_5_incubation2_19";3,48;152;171;200;2019-07-05 03:44:25;186;29;14
"2019";"incubation2";"D15_6";"complete";2275;3;758,333333333333;"D15_6_incubation2_19";24,32;43;169;198;2019-07-06 03:39:40.5;187;29;11
"2019";"incubation2";"IC";"complete";0;0;0;"IC_incubation2_19";0;208;165;194;2019-06-28 23:48:31;179;29;15
"2019";"incubation2";"K17_13";"complete";0;0;0;"K17_13_incubation2_19";0;208;170;199;2019-07-04 00:21:59.5;185;29;14
"2019";"incubation2";"K17_15";"complete";75;2;37,5;"K17_15_incubation2_19";1,81;179;168;197;2019-07-02 01:05:52;183;29;14
"2019";"incubation2";"W39";"complete";50;2;25;"W39_incubation2_19";1,23;188;174;201;2019-07-08 15:51:34.5;189;27;12
"2019";"incubation2";"W39B";"complete";375;2;187,5;"W39B_incubation2_19";7,78;107;172;200;2019-07-06 03:48:41.5;187;28;13
"2019";"incubation2";"W40";"complete";0;0;0;"W40_incubation2_19";0;208;169;198;2019-07-03 03:58:15.5;184;29;14
"2019";"incubation2";"W41J";"complete";3450;27;127,777777777778;"W41J_incubation2_19";18,05;63;170;198;2019-07-04 12:15:48.5;185;28;13
"2019";"incubation3";"101";"complete";175;2;87,5;"101_incubation3_19";4;147;166;196;2019-07-10 00:16:38;191;30;5
"2019";"incubation3";"113_10";"complete";225;2;112,5;"113_10_incubation3_19";5,02;133;172;199;2019-07-16 03:43:48.5;197;27;2
"2019";"incubation3";"14_6K";"failed chick";2400;6;400;"14_6K_incubation3_19";20,37;55;169;198;2019-07-15 03:06:22.5;196;29;2
"2019";"incubation3";"D15_5";"complete";0;0;0;"D15_5_incubation3_19";0;208;171;200;2019-07-15 06:35:18.5;196;29;4
"2019";"incubation3";"D15_6";"complete";675;2;337,5;"D15_6_incubation3_19";12,41;81;169;198;2019-07-15 01:58:04;196;29;2
"2019";"incubation3";"IC";"complete";75;1;75;"IC_incubation3_19";2,87;164;165;194;2019-07-09 12:23:40.5;190;29;4
"2019";"incubation3";"K17_13";"complete";100;2;50;"K17_13_incubation3_19";2,38;170;170;199;2019-07-13 23:00:11.5;194;29;5
"2019";"incubation3";"K17_15";"complete";500;5;100;"K17_15_incubation3_19";6,58;120;168;197;2019-07-11 21:25:36.5;192;29;5
"2019";"incubation3";"W39B";"complete";525;5;105;"W39B_incubation3_19";6,86;114;172;200;2019-07-16 03:44:57.5;197;28;3
"2019";"incubation3";"W40";"complete";750;6;125;"W40_incubation3_19";8,66;102;169;198;2019-07-15 03:05:30.5;196;29;2
"2019";"incubation3";"W41J";"complete";2775;18;154,166666666667;"W41J_incubation3_19";16,97;66;170;198;2019-07-15 01:48:45.5;196;28;2
"2019";"incubation3";"W49";"complete";0;0;0;"W49_incubation3_19";0;208;172;199;2019-07-16 03:42:36;197;27;2
"2020";"incubation1";"101";"complete";5294;7;756,285714285714;"101_incubation1_20";31,04;32;NA;191;2020-06-23 04:29:39;175;NA;16
"2020";"incubation1";"113_10";"complete";287;2;143,5;"113_10_incubation1_20";6,21;121;NA;194;2020-06-23 03:54:26.5;175;NA;19
"2020";"incubation1";"113_1A";"complete";0;0;0;"113_1A_incubation1_20";0;208;NA;193;2020-07-01 00:22:17;183;NA;10
"2020";"incubation1";"113_41";"complete";2393;12;199,416666666667;"113_41_incubation1_20";16,86;67;NA;192;2020-06-23 04:05:43.5;175;NA;17
"2020";"incubation1";"11_58";"complete";216;5;43,2;"11_58_incubation1_20";3,09;160;NA;193;2020-06-23 04:27:06.5;175;NA;18
"2020";"incubation1";"12_16";"complete";3118;12;259,833333333333;"12_16_incubation1_20";20,01;56;NA;191;2020-06-23 04:39:43;175;NA;16
"2020";"incubation1";"14_24K";"complete";201;1;201;"14_24K_incubation1_20";6,82;115;NA;192;2020-06-27 07:07:41.5;179;NA;13
"2020";"incubation1";"14_6K";"failed chick";1644;14;117,428571428571;"14_6K_incubation1_20";12,52;78;NA;192;2020-06-23 03:38:07;175;NA;17
"2020";"incubation1";"D15_13";"complete";2579;5;515,8;"D15_13_incubation1_20";22,49;49;NA;195;2020-06-27 07:24:31.5;179;NA;16
"2020";"incubation1";"D16_10";"complete";4283;2;2141,5;"D16_10_incubation1_20";38,13;24;NA;192;2020-06-27 07:05:08.5;179;NA;13
"2020";"incubation1";"D17_16";"complete";1901;10;190,1;"D17_16_incubation1_20";15,08;73;NA;189;2020-06-23 04:13:17;175;NA;14
"2020";"incubation1";"D17_8";"failed chick";689;7;98,4285714285714;"D17_8_incubation1_20";7,67;110;NA;192;2020-06-23 04:46:19.5;175;NA;17
"2020";"incubation1";"K17_11";"complete";10;2;5;"K17_11_incubation1_20";0,25;207;NA;190;2020-06-27 06:58:38;179;NA;11
"2020";"incubation1";"K17_13";"complete";257;6;42,8333333333333;"K17_13_incubation1_20";3,39;154;NA;195;2020-06-23 03:56:06;175;NA;20
"2020";"incubation1";"K19_15";"complete";0;0;0;"K19_15_incubation1_20";0;208;NA;190;2020-06-27 06:56:30.5;179;NA;11
"2020";"incubation1";"K19_22";"complete";60;2;30;"K19_22_incubation1_20";1,46;186;NA;191;2020-06-28 09:11:17;180;NA;11
"2020";"incubation1";"K19_29";"complete";5389;5;1077,8;"K19_29_incubation1_20";34,01;30;NA;199;2020-06-27 07:11:47.5;179;NA;20
"2020";"incubation1";"K19_30";"complete";0;0;0;"K19_30_incubation1_20";0;208;NA;191;2020-06-27 06:51:36;179;NA;12
"2020";"incubation1";"K8";"complete";850;6;141,666666666667;"K8_incubation1_20";9,58;96;NA;192;2020-06-23 04:27:52.5;175;NA;17
"2020";"incubation1";"W28N";"complete";64;2;32;"W28N_incubation1_20";1,56;183;NA;194;2020-06-27 07:19:38.5;179;NA;15
"2020";"incubation1";"W39";"complete";1287;9;143;"W39_incubation1_20";11,68;87;NA;193;2020-06-23 04:53:48;175;NA;18
"2020";"incubation1";"W39B";"complete";6474;25;258,96;"W39B_incubation1_20";26,19;38;NA;200;2020-06-23 03:43:25;175;NA;25
"2020";"incubation1";"W40";"complete";1942;29;66,9655172413793;"W40_incubation1_20";12,28;84;NA;194;2020-06-23 03:16:12.5;175;NA;19
"2020";"incubation1";"W41J";"complete";4229;27;156,62962962963;"W41J_incubation1_20";20,38;54;NA;194;2020-06-23 03:48:27;175;NA;19
"2020";"incubation1";"W49";"complete";0;0;0;"W49_incubation1_20";0;208;NA;191;2020-06-23 04:47:00.5;175;NA;16
"2020";"incubation1";"W6";"complete";1181;22;53,6818181818182;"W6_incubation1_20";8,94;100;NA;191;2020-06-23 03:42:25;175;NA;16
"2020";"incubation2";"101";"complete";539;4;134,75;"101_incubation2_20";7,67;109;NA;191;2020-07-01 01:06:56;183;NA;8
"2020";"incubation2";"113_10";"complete";0;0;0;"113_10_incubation2_20";0;208;NA;194;2020-07-01 19:57:39.5;183;NA;11
"2020";"incubation2";"113_1A";"complete";966;2;483;"113_1A_incubation2_20";16,09;71;NA;193;2020-07-08 12:45:24.5;190;NA;3
"2020";"incubation2";"113_41";"complete";36140;5;7228;"113_41_incubation2_20";70,98;10;NA;192;2020-07-01 00:46:38;183;NA;9
"2020";"incubation2";"11_58";"complete";40;2;20;"11_58_incubation2_20";0,99;195;NA;193;2020-07-01 01:06:45.5;183;NA;10
"2020";"incubation2";"12_16";"complete";312;2;156;"12_16_incubation2_20";6,67;118;NA;191;2020-07-01 19:59:53;183;NA;8
"2020";"incubation2";"14_24K";"complete";0;0;0;"14_24K_incubation2_20";0;208;NA;192;2020-07-05 07:09:06.5;187;NA;5
"2020";"incubation2";"14_6K";"failed chick";616;5;123,2;"14_6K_incubation2_20";7,86;106;NA;192;2020-07-01 00:20:50.5;183;NA;9
"2020";"incubation2";"D15_13";"complete";2437;2;1218,5;"D15_13_incubation2_20";28,64;34;NA;195;2020-07-05 07:15:21.5;187;NA;8
"2020";"incubation2";"D16_10";"complete";12;2;6;"D16_10_incubation2_20";0,3;206;NA;192;2020-07-05 07:06:17;187;NA;5
"2020";"incubation2";"D17_16";"complete";179;3;59,6666666666667;"D17_16_incubation2_20";3,28;155;NA;189;2020-07-01 01:01:47;183;NA;6
"2020";"incubation2";"D17_8";"failed chick";100;2;50;"D17_8_incubation2_20";2,38;170;NA;192;2020-07-01 00:52:58;183;NA;9
"2020";"incubation2";"K17_11";"complete";16;2;8;"K17_11_incubation2_20";0,4;204;NA;190;2020-07-05 06:58:36;187;NA;3
"2020";"incubation2";"K17_13";"complete";151;2;75,5;"K17_13_incubation2_20";3,5;151;NA;195;2020-07-01 00:44:01;183;NA;12
"2020";"incubation2";"K19_15";"complete";23;1;23;"K19_15_incubation2_20";0,94;196;NA;190;2020-07-05 06:47:14;187;NA;3
"2020";"incubation2";"K19_22";"complete";0;0;0;"K19_22_incubation2_20";0;208;NA;191;2020-07-05 06:56:05.5;187;NA;4
"2020";"incubation2";"K19_29";"complete";1740;2;870;"K19_29_incubation2_20";23,59;47;NA;199;2020-07-05 07:05:59;187;NA;12
"2020";"incubation2";"K19_30";"complete";0;0;0;"K19_30_incubation2_20";0;208;NA;191;2020-07-05 06:56:31.5;187;NA;4
"2020";"incubation2";"K8";"complete";35;2;17,5;"K8_incubation2_20";0,87;198;NA;192;2020-07-01 20:06:05.5;183;NA;9
"2020";"incubation2";"W28N";"complete";0;0;0;"W28N_incubation2_20";0;208;NA;194;2020-07-05 06:51:07;187;NA;7
"2020";"incubation2";"W39";"complete";25;1;25;"W39_incubation2_20";1,01;192;NA;193;2020-07-01 00:31:41.5;183;NA;10
"2020";"incubation2";"W39B";"complete";631;9;70,1111111111111;"W39B_incubation2_20";6,59;119;NA;200;2020-07-01 00:28:25;183;NA;17
"2020";"incubation2";"W40";"complete";1541;11;140,090909090909;"W40_incubation2_20";12,66;77;NA;194;2020-07-01 00:24:44.5;183;NA;11
"2020";"incubation2";"W41J";"complete";8156;11;741,454545454545;"W41J_incubation2_20";34,83;27;NA;194;2020-07-01 00:25:21.5;183;NA;11
"2020";"incubation2";"W49";"complete";193;2;96,5;"W49_incubation2_20";4,37;143;NA;191;2020-07-01 01:33:49;183;NA;8
"2020";"incubation2";"W6";"complete";630;5;126;"W6_incubation2_20";8,01;104;NA;191;2020-07-01 01:19:59;183;NA;8
"2020";"incubation3";"113_10";"complete";132;1;132;"113_10_incubation3_20";4,77;136;NA;194;2020-07-08 23:39:32;190;NA;4
"2020";"incubation3";"113_41";"complete";4493;10;449,3;"113_41_incubation3_20";26,01;39;NA;192;2020-07-08 23:30:35.5;190;NA;2
"2020";"incubation3";"11_58";"complete";11717;28;418,464285714286;"11_58_incubation3_20";34,42;28;NA;193;2020-07-09 00:26:46.5;191;NA;2
"2020";"incubation3";"14_6K";"failed chick";1064;8;133;"14_6K_incubation3_20";10,44;92;NA;192;2020-07-08 23:54:21.5;190;NA;2
"2020";"incubation3";"D17_8";"failed chick";1729;4;432,25;"D17_8_incubation3_20";18,62;60;NA;192;2020-07-09 00:09:40.5;191;NA;1
"2020";"incubation3";"K17_13";"complete";48;1;48;"K17_13_incubation3_20";1,89;177;NA;195;2020-07-08 23:27:20;190;NA;5
"2020";"incubation3";"K19_29";"complete";1466;3;488,666666666667;"K19_29_incubation3_20";18,39;62;NA;199;2020-07-12 20:38:21.5;194;NA;5
"2020";"incubation3";"K8";"complete";872;4;218;"K8_incubation3_20";11,33;88;NA;192;2020-07-09 00:31:09;191;NA;1
"2020";"incubation3";"W39";"complete";843;4;210,75;"W39_incubation3_20";11,03;89;NA;193;2020-07-08 23:44:48;190;NA;3
"2020";"incubation3";"W39B";"complete";2612;9;290,222222222222;"W39B_incubation3_20";19,21;58;NA;200;2020-07-09 00:45:16;191;NA;9
"2020";"incubation3";"W40";"complete";1641;14;117,214285714286;"W40_incubation3_20";12,5;79;NA;194;2020-07-08 23:45:18;190;NA;4
"2020";"incubation3";"W41J";"complete";3695;9;410,555555555556;"W41J_incubation3_20";23,83;45;NA;194;2020-07-08 23:49:27;190;NA;4
"2020";"incubation3";"W49";"complete";129;1;129;"W49_incubation3_20";4,67;137;NA;191;2020-07-08 22:48:31.5;190;NA;1
"2020";"incubation3";"W6";"complete";846;15;56,4;"W6_incubation3_20";7,39;111;NA;191;2020-07-09 00:17:42;191;NA;0
"2021";"incubation1";"101";"complete";122893;17;7229;"101_incubation1_21";83,99;7;171;198;2021-06-24 03:47:20;175;27;23
"2021";"incubation1";"113_41";"complete";41519;7;5931,28571428571;"113_41_incubation1_21";70,4;11;170;200;2021-06-22 23:23:42;173;30;27
"2021";"incubation1";"11_58";"complete";14409;9;1601;"11_58_incubation1_21";46,75;18;171;200;2021-06-24 03:37:07;175;29;25
"2021";"incubation1";"D15_5";"complete";72;1;72;"D15_5_incubation1_21";2,77;165;176;204;2021-06-29 04:57:54.5;180;28;24
"2021";"incubation1";"D15_6";"complete";201;1;201;"D15_6_incubation1_21";6,82;115;171;200;2021-06-24 03:57:14.5;175;29;25
"2021";"incubation1";"D16_1";"complete";2921;9;324,555555555556;"D16_1_incubation1_21";20,64;52;173;202;2021-06-26 00:41:19;177;29;25
"2021";"incubation1";"D16_10";"complete";3914;9;434,888888888889;"D16_10_incubation1_21";24,65;42;169;198;2021-06-22 05:17:05;173;29;25
"2021";"incubation1";"D17_16";"complete";38159;7;5451,28571428571;"D17_16_incubation1_21";68,65;13;168;199;2021-06-22 02:10:20.5;173;31;26
"2021";"incubation1";"K16_4";"complete";3552;8;444;"K16_4_incubation1_21";23,99;44;175;204;2021-06-27 23:21:59.5;178;29;26
"2021";"incubation1";"K17_13";"complete";0;0;0;"K17_13_incubation1_21";0;208;172;201;2021-06-24 23:08:49.5;175;29;26
"2021";"incubation1";"K19_22";"complete";0;0;0;"K19_22_incubation1_21";0;208;168;198;2021-06-21 08:31:14;172;30;26
"2021";"incubation1";"K8";"complete";188;2;94;"K8_incubation1_21";4,27;144;171;201;2021-06-24 03:32:31;175;30;26
"2021";"incubation1";"W40";"complete";2821;13;217;"W40_incubation1_21";18,42;61;170;199;2021-06-22 23:24:34.5;173;29;26
"2021";"incubation1";"W41J";"complete";5695;13;438,076923076923;"W41J_incubation1_21";27,92;35;172;200;2021-06-24 23:09:24;175;28;25
"2021";"incubation1";"W6";"complete";1149;13;88,3846153846154;"W6_incubation1_21";9,74;95;169;199;2021-06-22 02:01:55;173;30;26
"2021";"incubation2";"101";"complete";81;2;40,5;"101_incubation2_21";1,95;176;171;198;2021-07-04 23:52:58.5;185;27;13
"2021";"incubation2";"113_41";"complete";199;2;99,5;"113_41_incubation2_21";4,5;141;170;200;2021-07-05 00:17:43;186;30;14
"2021";"incubation2";"11_58";"complete";183;5;36,6;"11_58_incubation2_21";2,65;167;171;200;2021-07-04 23:56:06;185;29;15
"2021";"incubation2";"D15_5";"complete";329;4;82,25;"D15_5_incubation2_21";4,99;134;176;204;2021-07-10 00:09:16.5;191;28;13
"2021";"incubation2";"D15_6";"complete";32804;1;32804;"D15_6_incubation2_21";85,98;3;171;200;2021-07-04 23:53:26.5;185;29;15
"2021";"incubation2";"D16_1";"complete";146;1;146;"D16_1_incubation2_21";5,2;132;173;202;2021-07-06 22:26:34.5;187;29;15
"2021";"incubation2";"D17_16";"complete";50;2;25;"D17_16_incubation2_21";1,23;188;168;199;2021-07-03 23:46:37.5;184;31;15
"2021";"incubation2";"K16_4";"complete";464;4;116;"K16_4_incubation2_21";6,75;117;175;204;2021-07-08 23:47:49;189;29;15
"2021";"incubation2";"K17_13";"complete";82;1;82;"K17_13_incubation2_21";3,12;159;172;201;2021-07-06 05:05:46;187;29;14
"2021";"incubation2";"K8";"complete";31481;1;31481;"K8_incubation2_21";85,11;5;171;201;2021-07-05 00:04:31.5;186;30;15
"2021";"incubation2";"W39";"complete";0;0;0;"W39_incubation2_21";0;208;NA;200;2021-07-07 03:09:07.5;188;NA;12
"2021";"incubation2";"W40";"complete";1192;14;85,1428571428571;"W40_incubation2_21";9,85;94;170;199;2021-07-05 00:09:01.5;186;29;13
"2021";"incubation2";"W41J";"complete";410;2;205;"W41J_incubation2_21";8,38;103;172;200;2021-07-06 05:02:19;187;28;13
"2021";"incubation2";"W6";"complete";310;7;44,2857142857143;"W6_incubation2_21";3,81;148;169;199;2021-07-05 00:06:15.5;186;30;13
"2021";"incubation3";"101";"complete";542;4;135,5;"101_incubation3_21";7,7;108;171;198;2021-07-13 22:55:01;194;27;4
"2021";"incubation3";"113_41";"complete";563;4;140,75;"113_41_incubation3_21";7,95;105;170;200;2021-07-12 22:33:57;193;30;7
"2021";"incubation3";"11_58";"complete";0;0;0;"11_58_incubation3_21";0;208;171;200;2021-07-13 22:57:59.5;194;29;6
"2021";"incubation3";"D15_5";"complete";161;2;80,5;"D15_5_incubation3_21";3,71;149;176;204;2021-07-18 23:34:15;199;28;5
"2021";"incubation3";"D15_6";"complete";481;2;240,5;"D15_6_incubation3_21";9,54;97;171;200;2021-07-13 22:58:04;194;29;6
"2021";"incubation3";"D16_1";"complete";0;0;0;"D16_1_incubation3_21";0;208;173;202;2021-07-15 23:13:08.5;196;29;6
"2021";"incubation3";"D17_16";"complete";121;1;121;"D17_16_incubation3_21";4,42;142;168;199;2021-07-11 23:09:27;192;31;7
"2021";"incubation3";"K16_4";"complete";200;2;100;"K16_4_incubation3_21";4,52;139;175;204;2021-07-17 22:39:35.5;198;29;6
"2021";"incubation3";"K17_13";"complete";139;2;69,5;"K17_13_incubation3_21";3,24;156;172;201;2021-07-14 22:56:38;195;29;6
"2021";"incubation3";"K8";"complete";22693;5;4538,6;"K8_incubation3_21";61,38;15;171;201;2021-07-13 22:58:15.5;194;30;7
"2021";"incubation3";"W39";"complete";20765;2;10382,5;"W39_incubation3_21";69,02;12;NA;200;2021-07-15 23:05:12.5;196;NA;4
"2021";"incubation3";"W40";"complete";1213;14;86,6428571428571;"W40_incubation3_21";9,98;93;170;199;2021-07-12 22:35:57;193;29;6
"2021";"incubation3";"W41J";"complete";2165;2;1082,5;"W41J_incubation3_21";26,81;37;172;200;2021-07-14 23:00:29.5;195;28;5
"2021";"incubation3";"W6";"complete";537;7;76,7142857142857;"W6_incubation3_21";6,2;122;169;199;2021-07-11 23:12:07;192;30;7
"2023";"incubation1";"101";"complete";120;3;40;"101_incubation1_23";2,26;173;NA;194;2023-06-23 14:57:18;174;NA;20
"2023";"incubation1";"12_16";"complete";91153;3;30384,3333333333;"12_16_incubation1_23";95,98;1;NA;195;2023-06-23 14:56:53;174;NA;21
"2023";"incubation1";"14_10M";"complete";25;1;25;"14_10M_incubation1_23";1,01;192;NA;194;2023-06-23 14:55:18;174;NA;20
"2023";"incubation1";"A20_4";"complete";10188;9;1132;"A20_4_incubation1_23";40,32;20;NA;195;2023-06-23 14:54:24;174;NA;21
"2023";"incubation1";"D15_6";"complete";2824;7;403,428571428571;"D15_6_incubation1_23";21,62;50;NA;196;2023-06-23 15:16:28;174;NA;22
"2023";"incubation1";"K17_13";"complete";10008;8;1251;"K17_13_incubation1_23";41;19;NA;196;2023-06-23 15:13:27.5;174;NA;22
"2023";"incubation1";"K20_15";"complete";5900;5;1180;"K20_15_incubation1_23";35,57;26;NA;194;2023-06-23 15:04:54.5;174;NA;20
"2023";"incubation1";"K8";"complete";801;4;200,25;"K8_incubation1_23";10,6;90;NA;196;2023-06-23 14:52:14;174;NA;22
"2023";"incubation1";"W40";"complete";1785;16;111,5625;"W40_incubation1_23";12,89;76;NA;195;2023-06-23 15:12:44;174;NA;21
"2023";"incubation1";"W41J";"complete";266;2;133;"W41J_incubation1_23";5,81;124;NA;195;2023-06-23 15:11:21.5;174;NA;21
"2023";"incubation1";"W6";"complete";5703;3;1901;"W6_incubation1_23";39,5;22;NA;195;2023-06-23 14:55:26.5;174;NA;21
"2023";"incubation2";"101";"complete";2805;3;935;"101_incubation2_23";27,48;36;NA;194;2023-07-03 00:39:27.5;184;NA;10
"2023";"incubation2";"11_58";"complete";45984;4;11496;"11_58_incubation2_23";78,37;8;NA;198;2023-07-03 01:12:20;184;NA;14
"2023";"incubation2";"12_16";"complete";0;0;0;"12_16_incubation2_23";0;208;NA;195;2023-07-03 01:02:35;184;NA;11
"2023";"incubation2";"14_10M";"complete";0;0;0;"14_10M_incubation2_23";0;208;NA;194;2023-07-03 00:37:52.5;184;NA;10
"2023";"incubation2";"K19_19";"complete";598;3;199,333333333333;"K19_19_incubation2_23";9,44;99;NA;198;2023-07-03 00:33:35;184;NA;14
"2023";"incubation2";"K20_15";"complete";0;0;0;"K20_15_incubation2_23";0;208;NA;194;2023-07-02 23:52:27.5;183;NA;11
"2023";"incubation2";"K20_17";"complete";1638;6;273;"K20_17_incubation2_23";15,74;72;NA;198;2023-07-03 00:21:07.5;184;NA;14
"2023";"incubation2";"K20_8";"complete";138;2;69;"K20_8_incubation2_23";3,22;157;NA;195;2023-07-03 00:04:25;184;NA;11
"2023";"incubation2";"W40";"complete";711;2;355,5;"W40_incubation2_23";12,9;75;NA;195;2023-07-03 00:07:45;184;NA;11
"2023";"incubation2";"W41J";"complete";0;0;0;"W41J_incubation2_23";0;208;NA;195;2023-07-03 00:05:50;184;NA;11
"2023";"incubation3";"101";"complete";1972;2;986;"101_incubation3_23";25,41;41;NA;194;2023-07-11 01:06:50;192;NA;2
"2023";"incubation3";"113_10";"complete";106;2;53;"113_10_incubation3_23";2,52;168;NA;193;2023-07-11 00:16:35;192;NA;1
"2023";"incubation3";"11_58";"complete";265;2;132,5;"11_58_incubation3_23";5,79;125;NA;198;2023-07-11 00:34:27.5;192;NA;6
"2023";"incubation3";"12_16";"complete";67739;4;16934,75;"12_16_incubation3_23";86,57;2;NA;195;2023-07-11 01:03:02.5;192;NA;3
"2023";"incubation3";"14_10M";"complete";0;0;0;"14_10M_incubation3_23";0;208;NA;194;2023-07-11 01:09:12.5;192;NA;2
"2023";"incubation3";"A20_4";"complete";32129;3;10709,6666666667;"A20_4_incubation3_23";73,86;9;NA;195;2023-07-11 00:53:45;192;NA;3
"2023";"incubation3";"K19_19";"complete";9300;8;1162,5;"K19_19_incubation3_23";39,67;21;NA;198;2023-07-11 00:45:37.5;192;NA;6
"2023";"incubation3";"K20_15";"complete";60;2;30;"K20_15_incubation3_23";1,46;186;NA;194;2023-07-11 00:02:00;192;NA;2
"2023";"incubation3";"K20_17";"complete";1389;10;138,9;"K20_17_incubation3_23";12,02;86;NA;198;2023-07-11 00:40:27.5;192;NA;6
"2023";"incubation3";"K20_8";"complete";52971;3;17657;"K20_8_incubation3_23";84,4;6;NA;195;2023-07-11 00:26:15;192;NA;3
"2023";"incubation3";"K21_37";"complete";0;0;0;"K21_37_incubation3_23";0;208;NA;195;2023-07-11 00:30:11.5;192;NA;3
"2023";"incubation3";"W40";"complete";421;6;70,1666666666667;"W40_incubation3_23";5,29;130;NA;195;2023-07-11 00:19:55;192;NA;3
"2023";"incubation3";"W41J";"complete";4000;2;2000;"W41J_incubation3_23";36,92;25;NA;195;2023-07-11 00:23:40;192;NA;3
"2025";"incubation1";"101";"complete";2991;6;498,5;"101_incubation1_25";23,38;48;162;192;2025-06-16 11:35:12.5;167;30;25
"2025";"incubation1";"113_10";"complete";0;0;0;"113_10_incubation1_25";0;208;164;193;2025-06-27 12:26:19.5;178;29;15
"2025";"incubation1";"113_1A";"complete";1435;4;358,75;"113_1A_incubation1_25";16,39;69;164;194;2025-06-18 11:28:55.5;169;30;25
"2025";"incubation1";"12_16";"complete";6171;7;881,571428571429;"12_16_incubation1_25";33,59;31;169;199;2025-06-23 15:01:00.5;174;30;25
"2025";"incubation1";"14_10M";"complete";162;3;54;"14_10M_incubation1_25";2,99;163;162;190;2025-06-17 02:46:32.5;168;28;22
"2025";"incubation1";"83N";"complete";42;1;42;"83N_incubation1_25";1,67;181;163;192;2025-06-28 02:11:32.5;179;29;13
"2025";"incubation1";"A20_1";"complete";55577;29;1916,44827586207;"A20_1_incubation1_25";62,37;14;164;196;2025-06-18 11:30:07;169;32;27
"2025";"incubation1";"A20_3";"complete";0;0;0;"A20_3_incubation1_25";0;208;164;194;2025-06-27 12:32:42.5;178;30;16
"2025";"incubation1";"A20_4";"complete";0;0;0;"A20_4_incubation1_25";0;208;169;198;2025-06-24 02:47:40.5;175;29;23
"2025";"incubation1";"D17_16";"complete";0;0;0;"D17_16_incubation1_25";0;208;162;192;2025-06-16 11:40:53.5;167;30;25
"2025";"incubation1";"D17_8";"complete";2034;2;1017;"D17_8_incubation1_25";25,87;40;163;193;2025-06-16 12:07:19.5;167;30;26
"2025";"incubation1";"D21_1";"complete";189;4;47,25;"D21_1_incubation1_25";3,01;162;164;193;2025-06-18 11:35:00;169;29;24
"2025";"incubation1";"J24_1";"complete";1491;11;135,545454545455;"J24_1_incubation1_25";12,35;82;163;192;2025-06-18 11:35:34;169;29;23
"2025";"incubation1";"K16_4";"complete";1486;11;135,090909090909;"K16_4_incubation1_25";12,32;83;162;192;2025-06-16 11:42:13;167;30;25
"2025";"incubation1";"K17_13";"complete";209;1;209;"K17_13_incubation1_25";7,04;113;167;197;2025-06-30 10:59:09.5;181;30;16
"2025";"incubation1";"K19_15_22cmplx";"complete";14405;24;600,208333333333;"K19_15_22cmplx_incubation1_25";38,82;23;164;195;2025-06-18 11:28:34.5;169;31;26
"2025";"incubation1";"K20_15";"complete";16;2;8;"K20_15_incubation1_25";0,4;204;163;191;2025-06-26 13:31:49.5;177;28;14
"2025";"incubation1";"K21_36";"complete";100;2;50;"K21_36_incubation1_25";2,38;170;164;193;2025-06-28 11:58:05.5;179;29;14
"2025";"incubation1";"K22_52";"complete";0;0;0;"K22_52_incubation1_25";0;208;165;195;2025-06-29 12:01:07;180;30;15
"2025";"incubation1";"K8";"complete";358;4;89,5;"K8_incubation1_25";5,38;128;166;195;2025-06-20 11:14:07;171;29;24
"2025";"incubation1";"W28N";"complete";0;0;0;"W28N_incubation1_25";0;208;166;194;2025-06-29 14:44:52.5;180;28;14
"2025";"incubation1";"W38A";"complete";61;2;30,5;"W38A_incubation1_25";1,49;185;163;193;2025-06-26 13:27:02;177;30;16
"2025";"incubation1";"Y23_1";"complete";1369;7;195,571428571429;"Y23_1_incubation1_25";13,18;74;166;195;2025-06-20 11:11:20;171;29;24
"2025";"incubation2";"101";"complete";30;2;15;"101_incubation2_25";0,75;202;162;192;2025-06-25 10:24:29.5;176;30;16
"2025";"incubation2";"113_10";"complete";32;2;16;"113_10_incubation2_25";0,79;200;164;193;2025-07-06 12:24:07;187;29;6
"2025";"incubation2";"113_1A";"complete";47;1;47;"113_1A_incubation2_25";1,86;178;164;194;2025-06-27 23:45:57;178;30;16
"2025";"incubation2";"113_41";"complete";338;2;169;"113_41_incubation2_25";7,13;112;164;193;2025-06-28 14:07:56.5;179;29;14
"2025";"incubation2";"11_58";"complete";38;1;38;"11_58_incubation2_25";1,52;184;NA;190;2025-06-25 13:47:58;176;NA;14
"2025";"incubation2";"14_10M";"complete";0;0;0;"14_10M_incubation2_25";0;208;162;190;2025-06-25 13:38:28.5;176;28;14
"2025";"incubation2";"83N";"complete";0;0;0;"83N_incubation2_25";0;208;163;192;2025-07-05 11:35:04;186;29;6
"2025";"incubation2";"A20_1";"complete";2608;14;186,285714285714;"A20_1_incubation2_25";17,21;65;164;196;2025-06-28 03:54:32.5;179;32;17
"2025";"incubation2";"A20_3";"complete";0;0;0;"A20_3_incubation2_25";0;208;164;194;2025-07-06 12:05:53;187;30;7
"2025";"incubation2";"A20_4";"complete";0;0;0;"A20_4_incubation2_25";0;208;169;198;2025-07-02 23:02:04.5;183;29;15
"2025";"incubation2";"D15_11";"complete";93;2;46,5;"D15_11_incubation2_25";2,23;174;163;193;2025-06-26 23:59:03.5;177;30;16
"2025";"incubation2";"D15_6";"complete";94;1;94;"D15_6_incubation2_25";3,53;150;163;193;2025-06-27 10:45:58;178;30;15
"2025";"incubation2";"D17_16";"complete";0;0;0;"D17_16_incubation2_25";0;208;162;192;2025-06-25 13:43:24.5;176;30;16
"2025";"incubation2";"D17_8";"complete";151;1;151;"D17_8_incubation2_25";5,36;129;163;193;2025-06-27 00:03:13;178;30;15
"2025";"incubation2";"D21_1";"complete";22;1;22;"D21_1_incubation2_25";0,9;197;164;193;2025-06-27 23:46:01.5;178;29;15
"2025";"incubation2";"D22_17";"complete";0;0;0;"D22_17_incubation2_25";0;208;166;194;2025-06-30 16:41:16.5;181;28;13
"2025";"incubation2";"J24_1";"complete";191;4;47,75;"J24_1_incubation2_25";3,04;161;163;192;2025-06-27 10:39:41.5;178;29;14
"2025";"incubation2";"K16_4";"complete";1238;2;619;"K16_4_incubation2_25";19,04;59;162;192;2025-06-25 13:42:45.5;176;30;16
"2025";"incubation2";"K17_13";"complete";65;1;65;"K17_13_incubation2_25";2,52;169;167;197;2025-07-09 14:08:26;190;30;7
"2025";"incubation2";"K19_15_22cmplx";"complete";13629;4;3407,25;"K19_15_22cmplx_incubation2_25";53,36;16;164;195;2025-06-28 12:04:25.5;179;31;16
"2025";"incubation2";"K19_22";"complete";2340;10;234;"K19_22_incubation2_25";17,38;64;163;193;2025-06-27 15:23:03.5;178;30;15
"2025";"incubation2";"K19_31";"complete";45165;2;22582,5;"K19_31_incubation2_25";85,34;4;163;191;2025-06-28 02:51:35;179;28;12
"2025";"incubation2";"K20_15";"complete";32;2;16;"K20_15_incubation2_25";0,79;200;163;191;2025-07-05 11:37:04;186;28;5
"2025";"incubation2";"K20_8";"complete";0;0;0;"K20_8_incubation2_25";0;208;163;192;2025-06-27 04:23:09;178;29;14
"2025";"incubation2";"K21_28";"complete";112;2;56;"K21_28_incubation2_25";2,65;166;166;195;2025-06-30 04:37:18.5;181;29;14
"2025";"incubation2";"K21_36";"complete";66;2;33;"K21_36_incubation2_25";1,61;182;164;193;2025-07-06 12:17:06;187;29;6
"2025";"incubation2";"K22_52";"complete";34;2;17;"K22_52_incubation2_25";0,84;199;165;195;2025-07-07 16:32:22;188;30;7
"2025";"incubation2";"K8";"complete";1077;8;134,625;"K8_incubation2_25";10,54;91;166;195;2025-06-29 11:59:30;180;29;15
"2025";"incubation2";"W20";"complete";137;1;137;"W20_incubation2_25";4,93;135;163;192;2025-06-27 16:04:38.5;178;29;14
"2025";"incubation2";"W28N";"complete";0;0;0;"W28N_incubation2_25";0;208;166;194;2025-07-08 11:33:46;189;28;5
"2025";"incubation2";"W38A";"complete";0;0;0;"W38A_incubation2_25";0;208;163;193;2025-07-05 11:44:19;186;30;7
"2025";"incubation2";"W41J";"complete";1162;1;1162;"W41J_incubation2_25";23,61;46;165;194;2025-06-29 01:03:00;180;29;14
"2025";"incubation3";"101";"complete";4269;3;1423;"101_incubation3_25";34,38;29;162;192;2025-07-04 11:16:06;185;30;7
"2025";"incubation3";"113_1A";"complete";0;0;0;"113_1A_incubation3_25";0;208;164;194;2025-07-06 12:27:22.5;187;30;7
"2025";"incubation3";"113_41";"complete";0;0;0;"113_41_incubation3_25";0;208;164;193;2025-07-06 12:20:13.5;187;29;6
"2025";"incubation3";"11_58";"complete";239;2;119,5;"11_58_incubation3_25";5,29;131;NA;190;2025-07-04 11:16:37.5;185;NA;5
"2025";"incubation3";"14_10M";"complete";0;0;0;"14_10M_incubation3_25";0;208;162;190;2025-07-04 11:17:56;185;28;5
"2025";"incubation3";"A20_1";"complete";2033;4;508,25;"A20_1_incubation3_25";20,71;51;164;196;2025-07-06 12:27:26.5;187;32;9
"2025";"incubation3";"A20_4";"complete";0;0;0;"A20_4_incubation3_25";0;208;169;198;2025-07-12 01:14:48;193;29;5
"2025";"incubation3";"D15_11";"complete";44;2;22;"D15_11_incubation3_25";1,08;191;163;193;2025-07-05 11:20:47;186;30;7
"2025";"incubation3";"D15_6";"complete";249;2;124,5;"D15_6_incubation3_25";5,48;127;163;193;2025-07-05 11:27:52;186;30;7
"2025";"incubation3";"D17_16";"complete";0;0;0;"D17_16_incubation3_25";0;208;162;192;2025-07-04 11:19:28;185;30;7
"2025";"incubation3";"D17_8";"complete";50;2;25;"D17_8_incubation3_25";1,23;188;163;193;2025-07-05 11:43:58;186;30;7
"2025";"incubation3";"D21_1";"complete";52;1;52;"D21_1_incubation3_25";2,04;175;164;193;2025-07-06 12:23:46;187;29;6
"2025";"incubation3";"D22_17";"complete";0;0;0;"D22_17_incubation3_25";0;208;166;194;2025-07-08 12:12:22.5;189;28;5
"2025";"incubation3";"J24_1";"complete";0;0;0;"J24_1_incubation3_25";0;208;163;192;2025-07-06 00:06:51.5;187;29;5
"2025";"incubation3";"K16_4";"complete";1645;5;329;"K16_4_incubation3_25";16,73;68;162;192;2025-07-04 11:18:40;185;30;7
"2025";"incubation3";"K19_22";"complete";1433;4;358,25;"K19_22_incubation3_25";16,37;70;163;193;2025-07-05 14:02:22.5;186;30;7
"2025";"incubation3";"K19_31";"complete";0;0;0;"K19_31_incubation3_25";0;208;163;191;2025-07-05 11:38:25;186;28;5
"2025";"incubation3";"K20_8";"complete";0;0;0;"K20_8_incubation3_25";0;208;163;192;2025-07-05 11:33:26.5;186;29;6
"2025";"incubation3";"K21_28";"complete";41;2;20,5;"K21_28_incubation3_25";1,01;194;166;195;2025-07-08 11:40:37.5;189;29;6
"2025";"incubation3";"K8";"complete";111;1;111;"K8_incubation3_25";4,09;146;166;195;2025-07-08 12:12:42.5;189;29;6
"2025";"incubation3";"W20";"complete";85;1;85;"W20_incubation3_25";3,22;158;163;192;2025-07-05 11:37:33;186;29;6
"2025";"incubation3";"W41J";"complete";0;0;0;"W41J_incubation3_25";0;208;165;194;2025-07-07 16:36:26.5;188;29;6
"2025";"incubation3";"Y23_1";"complete";22;2;11;"Y23_1_incubation3_25";0,55;203;166;195;2025-07-08 12:08:42;189;29;6
